Employee_ID,Gender,Department,Job_Level,Performance_Rating,Satisfaction_Score,Work_Hours,Start_Date,End_Date,Reason_for_Leaving,Age_Group,Duration_in_Company
1,Non-binary,Sales,4,5,5.0,45.0,2018-09-21,,Personal Reasons,36-45,2210
2,Male,Engineering,5,4,5.0,58.0,2010-02-13,2024-02-15,Work-Life Balance,18-25,5352
3,Female,Sales,2,4,7.0,35.0,2013-08-15,2024-06-08,Compensation,26-35,4073
4,Male,Operations,3,4,9.0,45.0,2012-11-23,,Career Growth,56-65,4338
5,Non-binary,HR,5,5,5.0,40.0,2020-01-30,,,26-35,1714
6,Non-binary,Engineering,3,1,3.0,46.0,2019-03-30,,,56-65,2020
7,Female,Engineering,5,1,1.0,53.0,2022-04-05,,,18-25,918
8,Non-binary,Engineering,2,3,4.0,52.0,2010-12-27,,,46-55,5035
9,Female,Marketing,5,3,7.0,30.0,2015-09-05,,,26-35,3322
10,Female,Sales,4,5,5.0,40.0,2010-03-10,,,18-25,5327
11,Female,Engineering,3,3,5.0,40.0,2012-10-30,,,18-25,4362
12,Male,Sales,2,1,6.0,35.0,2016-11-04,2024-07-09,Compensation,46-55,2896
13,Non-binary,Finance,3,3,7.0,35.0,2010-02-21,2024-08-21,Career Growth,26-35,5344
14,Non-binary,IT,1,1,6.0,45.0,2012-07-21,2024-06-28,,26-35,4463
15,Female,Engineering,2,2,5.0,48.0,2018-11-13,,Work-Life Balance,26-35,2157
16,Female,Sales,2,5,6.0,35.0,2017-05-26,2024-09-27,Compensation,56-65,2693
17,Non-binary,Engineering,3,2,4.0,50.0,2012-11-09,,,26-35,4352
18,Male,Finance,1,3,5.0,40.0,2018-01-07,,Retirement,56-65,2467
19,Male,Engineering,1,5,2.0,50.0,2021-02-06,,,56-65,1341
20,Female,IT,2,2,6.0,30.0,2009-11-11,,,18-25,5446
21,Female,Engineering,2,5,3.0,51.0,2021-01-19,2024-05-15,,36-45,1359
22,Non-binary,Engineering,2,3,6.0,53.0,2019-07-18,,,56-65,1910
23,Female,IT,2,4,5.0,35.0,2014-07-14,,,26-35,3740
24,Female,IT,4,2,10.0,40.0,2011-12-12,,Work-Life Balance,56-65,4685
25,Non-binary,Engineering,4,4,3.0,49.0,2023-03-04,,Work-Life Balance,36-45,585
26,Female,Engineering,1,5,7.0,51.0,2014-06-26,,,36-45,3758
27,Male,Marketing,3,4,8.0,35.0,2011-01-26,,,18-25,5005
28,Female,HR,5,3,4.0,35.0,2011-02-15,,,26-35,4985
29,Male,Marketing,5,2,9.0,35.0,2021-08-20,2024-02-14,,56-65,1146
30,Male,Sales,3,3,7.0,35.0,2018-03-22,,,56-65,2393
31,Male,Sales,3,1,6.0,40.0,2021-01-25,,Career Growth,46-55,1353
32,Female,Marketing,2,2,4.0,35.0,2019-12-27,2024-05-07,,18-25,1748
33,Non-binary,Engineering,1,3,6.0,49.0,2017-04-11,2023-12-25,,56-65,2738
34,Female,Operations,4,3,5.0,40.0,2023-05-24,2024-06-05,,46-55,504
35,Female,Engineering,4,3,4.0,44.0,2015-01-26,,Work-Life Balance,36-45,3544
36,Male,Finance,1,4,6.0,35.0,2017-07-01,,,56-65,2657
37,Non-binary,Sales,5,3,6.0,40.0,2021-05-19,,,36-45,1239
38,Female,IT,5,3,7.0,40.0,2018-06-06,,,46-55,2317
39,Male,HR,3,1,6.0,40.0,2021-10-31,2023-12-30,Career Growth,36-45,1074
40,Non-binary,IT,5,4,9.0,45.0,2017-11-08,,,56-65,2527
41,Female,Finance,3,3,8.0,35.0,2019-08-20,,,56-65,1877
42,Male,Sales,5,4,6.0,35.0,2010-05-31,,,36-45,5245
43,Male,Sales,3,2,5.0,30.0,2012-12-17,,,56-65,4314
44,Female,Sales,1,4,9.0,40.0,2013-10-27,2023-11-17,Compensation,56-65,4000
45,Male,Engineering,1,2,3.0,50.0,2010-11-20,,,46-55,5072
46,Male,Engineering,4,2,6.0,53.0,2013-01-11,,Work-Life Balance,18-25,4289
47,Male,Operations,5,1,7.0,35.0,2011-03-09,,,36-45,4963
48,Female,Engineering,1,2,4.0,55.0,2013-08-30,2024-08-13,Work-Life Balance,46-55,4058
49,Female,Sales,1,1,7.0,45.0,2018-09-02,,,46-55,2229
50,Male,IT,5,1,7.0,40.0,2014-11-17,,,36-45,3614
51,Male,Operations,4,2,3.0,35.0,2014-12-14,2024-02-20,,18-25,3587
52,Female,Engineering,1,1,2.0,52.0,2012-09-14,,,18-25,4408
53,Non-binary,Marketing,4,1,5.0,40.0,2013-07-05,,,18-25,4114
54,Female,Operations,2,1,5.0,35.0,2022-11-19,,Personal Reasons,56-65,690
55,Non-binary,Engineering,5,4,5.0,56.0,2018-11-04,2024-07-14,,56-65,2166
56,Male,HR,1,3,6.0,35.0,2018-04-19,,Work-Life Balance,18-25,2365
57,Non-binary,HR,4,4,3.0,30.0,2012-03-02,2024-05-06,Career Growth,26-35,4604
58,Female,Engineering,3,2,5.0,52.0,2019-12-24,2024-07-30,,46-55,1751
59,Female,Sales,3,2,8.0,45.0,2012-01-22,,,18-25,4644
60,Male,Engineering,4,1,6.0,54.0,2015-01-31,,,46-55,3539
61,Non-binary,Engineering,3,2,5.0,54.0,2023-08-16,,Work-Life Balance,36-45,420
62,Non-binary,Operations,1,4,7.0,45.0,2018-09-24,,,18-25,2207
63,Female,Sales,2,5,8.0,50.0,2017-07-26,,,46-55,2632
64,Female,Engineering,5,3,4.0,48.0,2019-05-10,,,18-25,1979
65,Male,Engineering,2,4,6.0,53.0,2021-07-27,2024-08-13,,56-65,1170
66,Non-binary,Operations,4,2,9.0,45.0,2020-08-19,,Career Growth,26-35,1512
67,Non-binary,Engineering,1,3,7.0,45.0,2012-12-23,2024-09-29,,46-55,4308
68,Non-binary,Sales,4,4,5.0,35.0,2010-03-22,,,36-45,5315
69,Male,Sales,5,2,9.0,40.0,2014-03-09,2024-08-03,Compensation,18-25,3867
70,Non-binary,Engineering,5,2,5.0,51.0,2013-07-08,,Work-Life Balance,36-45,4111
71,Male,IT,3,1,3.0,40.0,2012-09-21,,,36-45,4401
72,Male,Engineering,1,3,5.0,52.0,2022-12-21,2024-05-20,,26-35,658
73,Female,Engineering,4,4,3.0,55.0,2022-01-14,2024-05-31,Work-Life Balance,18-25,999
74,Female,Marketing,5,4,9.0,40.0,2014-03-05,,Career Growth,18-25,3871
75,Male,IT,4,1,5.0,40.0,2018-12-12,,Personal Reasons,56-65,2128
76,Male,HR,2,3,8.0,30.0,2015-04-23,,,36-45,3457
77,Female,Marketing,5,5,5.0,35.0,2022-07-29,2023-10-18,,36-45,803
78,Male,Marketing,5,5,7.0,30.0,2016-03-12,,,26-35,3133
79,Male,Engineering,4,5,4.0,54.0,2013-06-24,,,18-25,4125
80,Non-binary,IT,4,5,6.0,30.0,2013-03-23,2024-09-13,,26-35,4218
81,Male,IT,2,2,6.0,40.0,2017-08-18,,,56-65,2609
82,Non-binary,IT,2,1,8.0,40.0,2013-06-13,,,26-35,4136
83,Non-binary,Marketing,1,1,10.0,45.0,2017-12-14,,Retirement,36-45,2491
84,Non-binary,Sales,3,3,8.0,40.0,2022-05-04,,,36-45,889
85,Female,Operations,2,1,7.0,40.0,2015-05-13,,,36-45,3437
86,Male,Sales,3,4,4.0,35.0,2012-11-03,,Career Growth,46-55,4358
87,Female,Sales,5,3,4.0,30.0,2023-09-26,2024-08-07,Compensation,18-25,379
88,Female,Marketing,4,3,7.0,45.0,2016-11-26,2024-01-14,,56-65,2874
89,Female,Engineering,3,5,6.0,55.0,2011-01-16,,,36-45,5015
90,Male,Sales,3,2,8.0,30.0,2010-06-06,,,18-25,5239
91,Non-binary,Engineering,4,4,4.0,49.0,2011-04-22,2023-12-14,,36-45,4919
92,Non-binary,Sales,3,3,7.0,35.0,2018-07-22,2024-06-22,Compensation,18-25,2271
93,Male,Engineering,3,1,2.0,48.0,2020-11-09,,Work-Life Balance,56-65,1430
94,Female,Engineering,4,3,10.0,48.0,2015-09-06,,,36-45,3321
95,Non-binary,Sales,4,5,6.0,40.0,2010-08-29,,,56-65,5155
96,Non-binary,Finance,3,5,5.0,40.0,2015-02-11,,,26-35,3528
97,Male,Finance,4,2,6.0,50.0,2023-09-19,,,36-45,386
98,Non-binary,Operations,2,1,4.0,40.0,2017-03-06,2024-01-30,Work-Life Balance,46-55,2774
99,Non-binary,Sales,4,5,6.0,40.0,2023-05-14,2024-02-10,Compensation,26-35,514
100,Male,Sales,4,2,8.0,35.0,2021-10-27,,,18-25,1078
101,Male,IT,5,4,6.0,40.0,2009-12-06,2023-10-11,Work-Life Balance,36-45,5421
102,Female,IT,1,4,5.0,35.0,2019-11-11,,,46-55,1794
103,Non-binary,Marketing,4,5,6.0,40.0,2019-04-25,,,46-55,1994
104,Female,Sales,1,1,7.0,45.0,2017-04-15,,,18-25,2734
105,Male,Engineering,4,4,2.0,51.0,2013-07-04,,Work-Life Balance,18-25,4115
106,Male,Marketing,1,3,4.0,40.0,2018-09-29,2024-08-22,,26-35,2202
107,Male,HR,5,5,7.0,40.0,2011-05-02,,,36-45,4909
108,Female,Engineering,1,2,8.0,40.0,2015-11-09,,,56-65,3257
109,Male,Engineering,4,4,4.0,56.0,2016-02-14,,Work-Life Balance,26-35,3160
110,Female,Engineering,3,5,4.0,50.0,2023-02-14,,,46-55,603
111,Non-binary,Engineering,3,3,3.0,47.0,2022-01-12,,,56-65,1001
112,Non-binary,Operations,3,4,5.0,45.0,2013-06-16,2024-05-03,Career Growth,36-45,4133
113,Non-binary,IT,4,1,6.0,30.0,2016-10-11,,,18-25,2920
114,Female,Marketing,1,3,5.0,40.0,2012-04-09,,Career Growth,56-65,4566
115,Male,Engineering,4,4,6.0,37.0,2022-07-19,,Work-Life Balance,36-45,813
116,Female,Sales,3,1,9.0,40.0,2021-12-15,2024-03-03,Compensation,18-25,1029
117,Female,IT,1,1,6.0,40.0,2013-12-12,,Personal Reasons,18-25,3954
118,Female,Engineering,2,4,2.0,49.0,2018-09-18,,,18-25,2213
119,Male,Engineering,4,5,2.0,49.0,2018-04-18,,,36-45,2366
120,Male,Sales,2,5,4.0,30.0,2011-11-29,,Personal Reasons,46-55,4698
121,Female,HR,1,3,5.0,40.0,2020-06-11,,,36-45,1581
122,Male,Marketing,4,4,7.0,40.0,2017-04-27,,,56-65,2722
123,Non-binary,Sales,4,2,6.0,30.0,2020-09-02,,,56-65,1498
124,Female,Sales,3,4,7.0,40.0,2017-03-12,,,46-55,2768
125,Non-binary,Operations,3,3,6.0,45.0,2009-10-11,,,46-55,5477
126,Male,Marketing,1,1,6.0,35.0,2014-04-23,2023-11-29,,26-35,3822
127,Male,IT,4,2,9.0,40.0,2010-01-16,,,46-55,5380
128,Female,Engineering,1,1,7.0,45.0,2022-10-11,,,46-55,729
129,Non-binary,Finance,3,5,2.0,40.0,2022-01-26,,,36-45,987
130,Female,Engineering,5,2,3.0,46.0,2021-05-31,2024-05-27,,36-45,1227
131,Non-binary,Sales,1,2,10.0,35.0,2014-01-28,2023-10-20,Compensation,26-35,3907
132,Male,HR,3,5,9.0,30.0,2010-08-01,,,18-25,5183
133,Non-binary,Engineering,5,2,6.0,49.0,2022-01-23,,,36-45,990
134,Male,Operations,1,1,5.0,35.0,2023-01-10,2024-07-08,,56-65,638
135,Non-binary,Sales,2,2,8.0,35.0,2010-12-20,,Compensation,46-55,5042
136,Male,Sales,4,2,5.0,45.0,2016-07-28,,,36-45,2995
137,Non-binary,Marketing,4,3,7.0,30.0,2010-09-27,,,26-35,5126
138,Non-binary,Engineering,5,4,3.0,47.0,2020-06-01,,Work-Life Balance,36-45,1591
139,Non-binary,Marketing,5,1,9.0,30.0,2020-06-28,2023-12-26,,56-65,1564
140,Male,Sales,3,3,6.0,35.0,2011-07-27,2024-03-10,Compensation,46-55,4823
141,Female,HR,4,2,6.0,40.0,2016-06-04,,Work-Life Balance,36-45,3049
142,Male,Sales,3,2,7.0,30.0,2017-06-20,,,56-65,2668
143,Non-binary,Finance,4,4,10.0,40.0,2013-06-25,,Work-Life Balance,36-45,4124
144,Female,Engineering,2,2,6.0,52.0,2021-12-25,,,56-65,1019
145,Non-binary,Sales,5,5,6.0,40.0,2015-09-11,,Work-Life Balance,36-45,3316
146,Female,Marketing,4,4,8.0,30.0,2012-09-25,,,26-35,4397
147,Male,Sales,4,5,8.0,35.0,2017-04-27,,,36-45,2722
148,Female,Marketing,4,1,5.0,45.0,2019-12-28,,Career Growth,56-65,1747
149,Non-binary,IT,4,2,5.0,45.0,2012-08-02,,,18-25,4451
150,Male,Sales,4,2,9.0,35.0,2014-02-18,2024-02-10,Compensation,46-55,3886
151,Male,Engineering,4,2,7.0,46.0,2023-09-14,,,46-55,391
152,Male,Operations,4,3,2.0,45.0,2018-11-13,,,56-65,2157
153,Male,Engineering,2,3,4.0,50.0,2015-11-27,,,46-55,3239
154,Non-binary,HR,2,3,8.0,35.0,2017-01-06,,,18-25,2833
155,Male,Engineering,4,5,2.0,55.0,2011-06-19,,,56-65,4861
156,Male,Sales,5,4,8.0,40.0,2012-11-30,,,46-55,4331
157,Non-binary,HR,4,1,10.0,45.0,2014-07-03,,,46-55,3751
158,Female,HR,5,3,7.0,45.0,2018-01-03,2024-02-21,Career Growth,46-55,2471
159,Male,Sales,2,1,5.0,30.0,2012-12-28,,,36-45,4303
160,Male,Engineering,4,1,7.0,49.0,2012-11-07,,Work-Life Balance,46-55,4354
161,Male,Sales,1,3,7.0,45.0,2010-10-06,,,26-35,5117
162,Male,Operations,5,4,7.0,30.0,2018-08-09,,Personal Reasons,56-65,2253
163,Non-binary,Engineering,4,5,6.0,51.0,2012-12-22,,,26-35,4309
164,Non-binary,Engineering,3,1,4.0,51.0,2022-06-12,,,56-65,850
165,Non-binary,Engineering,3,3,4.0,50.0,2021-10-21,,,46-55,1084
166,Non-binary,Engineering,4,3,3.0,49.0,2010-10-06,,,56-65,5117
167,Female,Marketing,2,1,8.0,30.0,2013-02-06,,,46-55,4263
168,Male,Engineering,2,1,7.0,47.0,2019-02-19,,,56-65,2059
169,Non-binary,Marketing,1,3,7.0,45.0,2012-10-08,,Work-Life Balance,36-45,4384
170,Non-binary,HR,4,2,7.0,40.0,2011-08-16,,,26-35,4803
171,Female,Engineering,3,4,4.0,50.0,2022-11-13,,,56-65,696
172,Female,Sales,4,1,6.0,30.0,2017-10-06,,,36-45,2560
173,Non-binary,Sales,2,5,8.0,30.0,2016-05-21,,Personal Reasons,18-25,3063
174,Female,Operations,1,3,9.0,30.0,2020-10-02,,,46-55,1468
175,Male,Engineering,3,4,2.0,48.0,2021-01-27,,,46-55,1351
176,Female,Marketing,5,1,9.0,40.0,2012-06-08,,,18-25,4506
177,Male,Sales,5,2,5.0,40.0,2011-02-16,,Work-Life Balance,56-65,4984
178,Male,Sales,3,5,4.0,30.0,2015-10-21,,,56-65,3276
179,Female,Engineering,1,3,5.0,57.0,2015-09-13,,,18-25,3314
180,Female,Engineering,4,2,3.0,54.0,2016-04-22,,,18-25,3092
181,Female,Marketing,1,1,6.0,35.0,2019-12-23,,Work-Life Balance,36-45,1752
182,Non-binary,Engineering,4,1,3.0,42.0,2019-03-13,,,26-35,2037
183,Male,HR,5,2,6.0,45.0,2023-07-20,,,56-65,447
184,Female,Sales,2,4,4.0,35.0,2011-02-24,,Retirement,46-55,4976
185,Male,HR,4,3,8.0,35.0,2015-05-29,,,56-65,3421
186,Non-binary,Engineering,1,5,4.0,43.0,2014-07-09,,Work-Life Balance,26-35,3745
187,Female,HR,3,4,7.0,35.0,2021-10-31,,,36-45,1074
188,Male,Engineering,3,2,5.0,49.0,2013-04-02,,,36-45,4208
189,Female,Engineering,4,5,2.0,48.0,2012-06-07,,,36-45,4507
190,Female,Finance,1,3,7.0,40.0,2016-01-19,,,46-55,3186
191,Non-binary,Engineering,1,4,7.0,49.0,2015-09-05,2024-06-29,,18-25,3322
192,Non-binary,Engineering,3,3,6.0,53.0,2013-09-02,,,18-25,4055
193,Female,Engineering,1,3,4.0,51.0,2013-04-08,2024-07-19,,18-25,4202
194,Non-binary,Engineering,3,5,3.0,51.0,2022-09-11,,,46-55,759
195,Male,Engineering,2,4,4.0,57.0,2015-12-22,,,36-45,3214
196,Non-binary,Finance,3,1,8.0,40.0,2021-10-30,,Compensation,36-45,1075
197,Female,IT,4,2,9.0,40.0,2017-06-22,,,46-55,2666
198,Female,Engineering,4,4,6.0,43.0,2010-06-24,,,18-25,5221
199,Female,HR,2,4,8.0,35.0,2023-10-05,2024-05-03,Career Growth,36-45,370
200,Male,Engineering,5,3,6.0,50.0,2021-06-22,,,56-65,1205
201,Male,Sales,4,5,6.0,30.0,2023-05-03,,Compensation,18-25,525
202,Female,Sales,1,4,3.0,30.0,2022-09-27,,Personal Reasons,56-65,743
203,Male,Marketing,4,2,9.0,30.0,2021-08-26,,,36-45,1140
204,Female,Engineering,1,2,6.0,47.0,2012-02-06,,Work-Life Balance,56-65,4629
205,Male,Engineering,5,2,4.0,57.0,2016-07-27,,,18-25,2996
206,Female,Engineering,5,3,1.0,38.0,2012-10-05,2023-11-09,Work-Life Balance,56-65,4387
207,Non-binary,HR,1,1,7.0,40.0,2015-05-21,,,46-55,3429
208,Non-binary,HR,2,3,8.0,35.0,2010-08-04,,,56-65,5180
209,Male,Engineering,4,2,6.0,39.0,2015-01-28,2023-10-28,,56-65,3542
210,Non-binary,Engineering,2,1,4.0,51.0,2023-07-25,,Work-Life Balance,26-35,442
211,Male,Engineering,5,5,5.0,55.0,2013-06-25,,,18-25,4124
212,Male,IT,4,4,10.0,45.0,2020-09-29,,,26-35,1471
213,Male,Engineering,2,4,7.0,53.0,2016-02-21,,,18-25,3153
214,Non-binary,Finance,5,3,5.0,40.0,2015-09-10,2023-12-05,Career Growth,26-35,3317
215,Male,Marketing,4,2,6.0,50.0,2023-03-04,,,56-65,585
216,Non-binary,IT,2,2,3.0,40.0,2023-09-15,,,36-45,390
217,Female,Engineering,5,1,8.0,45.0,2017-07-20,,,46-55,2638
218,Non-binary,Finance,4,5,3.0,50.0,2019-10-30,,,46-55,1806
219,Non-binary,Engineering,4,3,4.0,57.0,2011-12-09,,Work-Life Balance,26-35,4688
220,Female,Engineering,2,5,5.0,43.0,2013-12-04,,Work-Life Balance,56-65,3962
221,Female,Operations,3,3,5.0,40.0,2023-05-02,,,56-65,526
222,Female,Engineering,5,4,7.0,56.0,2017-11-17,,,56-65,2518
223,Female,Engineering,4,4,3.0,44.0,2017-05-12,,,56-65,2707
224,Non-binary,Sales,4,1,6.0,35.0,2020-03-29,,,36-45,1655
225,Non-binary,HR,3,4,7.0,40.0,2010-07-28,,,56-65,5187
226,Non-binary,HR,3,4,5.0,40.0,2017-12-12,2024-05-22,Career Growth,46-55,2493
227,Female,IT,1,2,3.0,40.0,2016-10-23,,,56-65,2908
228,Non-binary,Engineering,2,1,4.0,48.0,2021-09-15,,,26-35,1120
229,Male,Operations,5,2,3.0,30.0,2011-12-22,2024-06-11,Retirement,36-45,4675
230,Female,Engineering,3,2,4.0,53.0,2023-03-22,,,26-35,567
231,Non-binary,HR,2,2,5.0,30.0,2010-11-22,,Career Growth,46-55,5070
232,Female,Sales,2,3,7.0,40.0,2012-05-16,,Work-Life Balance,56-65,4529
233,Male,Marketing,5,5,5.0,40.0,2018-02-06,2024-01-16,,56-65,2437
234,Female,IT,4,2,6.0,35.0,2019-03-23,,Career Growth,18-25,2027
235,Female,Engineering,4,4,4.0,42.0,2013-01-23,,,56-65,4277
236,Female,Sales,2,5,10.0,40.0,2011-06-13,,,18-25,4867
237,Female,Engineering,3,1,4.0,57.0,2022-03-27,,,36-45,927
238,Non-binary,Marketing,1,1,9.0,30.0,2013-03-20,,,46-55,4221
239,Female,HR,3,1,7.0,30.0,2018-02-03,,,26-35,2440
240,Non-binary,Engineering,5,4,4.0,48.0,2018-06-10,,Work-Life Balance,56-65,2313
241,Non-binary,Engineering,2,2,3.0,50.0,2015-08-22,,,36-45,3336
242,Female,Sales,5,5,3.0,35.0,2017-12-10,,Compensation,56-65,2495
243,Male,Engineering,1,3,6.0,55.0,2017-02-01,,,18-25,2807
244,Male,Finance,1,4,5.0,35.0,2022-11-09,,,46-55,700
245,Non-binary,Operations,5,2,9.0,30.0,2012-08-18,2024-06-07,,26-35,4435
246,Female,Finance,3,1,6.0,45.0,2019-10-18,,,26-35,1818
247,Non-binary,IT,2,5,6.0,45.0,2013-02-10,,,56-65,4259
248,Female,Operations,4,3,4.0,30.0,2015-04-24,2024-04-03,,36-45,3456
249,Female,Engineering,4,1,7.0,46.0,2019-03-05,,Work-Life Balance,36-45,2045
250,Non-binary,Marketing,2,2,7.0,35.0,2013-12-20,,,46-55,3946
251,Female,HR,3,4,4.0,45.0,2014-03-13,2024-03-18,Career Growth,46-55,3863
252,Female,Finance,2,5,3.0,35.0,2020-04-18,,Work-Life Balance,36-45,1635
253,Female,Marketing,4,4,5.0,30.0,2010-10-14,2024-01-16,Retirement,46-55,5109
254,Male,HR,1,3,8.0,40.0,2016-03-09,,,26-35,3136
255,Female,Finance,4,2,10.0,30.0,2023-10-01,2024-07-11,Career Growth,26-35,374
256,Non-binary,Engineering,3,3,7.0,55.0,2023-09-19,,Work-Life Balance,46-55,386
257,Female,Engineering,5,4,4.0,58.0,2010-10-18,,,56-65,5105
258,Non-binary,Engineering,5,5,6.0,46.0,2012-10-02,,,18-25,4390
259,Non-binary,Sales,2,2,7.0,40.0,2013-06-25,,,18-25,4124
260,Non-binary,Marketing,1,3,8.0,45.0,2022-11-01,,,26-35,708
261,Male,HR,3,4,10.0,30.0,2022-02-06,,,46-55,976
262,Female,IT,4,1,7.0,40.0,2022-01-29,,,56-65,984
263,Male,Operations,3,3,10.0,35.0,2014-12-11,,Personal Reasons,46-55,3590
264,Non-binary,HR,5,5,6.0,35.0,2011-12-24,,Work-Life Balance,18-25,4673
265,Female,Operations,5,4,7.0,40.0,2021-06-10,2023-11-19,,36-45,1217
266,Female,Engineering,3,5,5.0,56.0,2019-08-15,,,56-65,1882
267,Female,Sales,3,4,5.0,40.0,2018-05-02,,Retirement,18-25,2352
268,Female,IT,3,4,6.0,40.0,2023-08-04,,,18-25,432
269,Male,Sales,3,3,6.0,35.0,2018-12-04,,Compensation,26-35,2136
270,Female,Engineering,5,1,4.0,41.0,2009-11-17,,,46-55,5440
271,Non-binary,Engineering,3,2,6.0,51.0,2021-03-17,,,56-65,1302
272,Non-binary,Finance,3,2,9.0,45.0,2013-12-17,2024-03-14,Career Growth,46-55,3949
273,Male,Engineering,1,2,4.0,43.0,2019-01-21,,Work-Life Balance,18-25,2088
274,Male,Sales,4,2,6.0,50.0,2022-11-30,,Compensation,18-25,679
275,Non-binary,Operations,4,2,6.0,35.0,2011-08-26,,,36-45,4793
276,Male,Finance,4,2,8.0,30.0,2011-05-22,,,36-45,4889
277,Non-binary,HR,1,4,10.0,35.0,2011-04-09,,Compensation,36-45,4932
278,Non-binary,Sales,1,5,7.0,30.0,2017-07-07,2024-01-20,Compensation,46-55,2651
279,Non-binary,Engineering,4,4,4.0,54.0,2013-08-01,,,46-55,4087
280,Non-binary,Engineering,1,3,2.0,54.0,2018-03-28,2024-06-13,Work-Life Balance,56-65,2387
281,Female,Engineering,5,3,4.0,60.0,2019-10-26,,Work-Life Balance,36-45,1810
282,Male,HR,5,4,8.0,40.0,2012-08-14,2024-04-04,Career Growth,56-65,4439
283,Male,Engineering,1,3,5.0,57.0,2018-08-25,,,56-65,2237
284,Non-binary,Engineering,5,4,7.0,49.0,2013-06-19,,,36-45,4130
285,Female,Marketing,1,4,4.0,40.0,2016-08-10,,,18-25,2982
286,Male,Finance,3,4,7.0,45.0,2022-06-11,,,56-65,851
287,Female,IT,2,3,7.0,35.0,2021-08-13,,Career Growth,36-45,1153
288,Male,IT,3,2,7.0,35.0,2011-01-23,,Career Growth,18-25,5008
289,Male,IT,4,5,9.0,40.0,2015-09-13,,,26-35,3314
290,Female,Operations,3,4,7.0,30.0,2013-08-23,2024-06-09,Personal Reasons,46-55,4065
291,Non-binary,IT,4,1,4.0,30.0,2009-10-27,2023-10-25,Personal Reasons,56-65,5461
292,Male,HR,1,2,8.0,35.0,2020-07-25,,Career Growth,56-65,1537
293,Non-binary,IT,3,2,5.0,35.0,2018-09-09,,,36-45,2222
294,Female,Engineering,4,3,4.0,44.0,2013-06-09,,,26-35,4140
295,Male,Sales,4,1,6.0,45.0,2020-02-23,,,18-25,1690
296,Female,Sales,4,5,6.0,40.0,2017-06-29,,,18-25,2659
297,Non-binary,Marketing,1,2,3.0,45.0,2015-10-04,2024-03-01,Retirement,18-25,3293
298,Female,Sales,1,5,9.0,40.0,2009-11-27,,Compensation,56-65,5430
299,Female,Marketing,2,5,4.0,40.0,2010-10-28,,Compensation,18-25,5095
300,Male,Engineering,1,5,3.0,52.0,2022-02-18,2024-05-15,,46-55,964
301,Female,Engineering,3,3,7.0,49.0,2022-06-04,2023-10-11,,56-65,858
302,Non-binary,Engineering,5,4,4.0,57.0,2017-05-29,2024-01-27,,36-45,2690
303,Non-binary,Engineering,5,1,2.0,39.0,2021-06-15,,,36-45,1212
304,Female,Engineering,1,2,5.0,60.0,2017-12-04,,Work-Life Balance,36-45,2501
305,Male,Engineering,4,5,4.0,52.0,2011-11-05,,Work-Life Balance,36-45,4722
306,Non-binary,Marketing,2,2,9.0,35.0,2011-07-22,,,18-25,4828
307,Non-binary,Engineering,1,1,8.0,45.0,2014-02-01,,,46-55,3903
308,Non-binary,Engineering,2,2,5.0,53.0,2022-05-10,2023-12-25,,18-25,883
309,Non-binary,Marketing,3,4,2.0,35.0,2020-11-30,,Career Growth,46-55,1409
310,Female,Engineering,3,4,4.0,56.0,2021-10-26,,Work-Life Balance,46-55,1079
311,Non-binary,Engineering,5,2,3.0,50.0,2022-05-10,2023-11-28,,26-35,883
312,Female,Engineering,5,1,5.0,41.0,2012-09-17,,,36-45,4405
313,Male,Sales,1,1,5.0,45.0,2013-04-06,,,56-65,4204
314,Non-binary,Engineering,3,1,7.0,48.0,2011-03-18,2024-01-10,Work-Life Balance,26-35,4954
315,Female,Sales,1,5,7.0,35.0,2020-09-09,,,18-25,1491
316,Male,Marketing,4,3,3.0,35.0,2022-02-23,,,18-25,959
317,Non-binary,Engineering,5,2,5.0,55.0,2015-06-17,,Work-Life Balance,56-65,3402
318,Female,IT,3,3,9.0,40.0,2018-06-17,,,36-45,2306
319,Non-binary,Engineering,3,4,3.0,52.0,2011-12-08,,,56-65,4689
320,Female,Sales,5,1,4.0,40.0,2022-10-15,,,46-55,725
321,Female,HR,1,3,5.0,40.0,2021-11-15,2024-02-06,Career Growth,56-65,1059
322,Male,Operations,3,2,8.0,35.0,2023-06-09,,,46-55,488
323,Male,Engineering,2,1,5.0,49.0,2021-02-13,2023-10-11,Work-Life Balance,56-65,1334
324,Non-binary,Engineering,3,4,4.0,56.0,2022-02-09,,,18-25,973
325,Non-binary,Sales,5,4,2.0,45.0,2010-02-12,,,18-25,5353
326,Female,Sales,4,3,6.0,30.0,2020-01-31,2024-07-08,Compensation,18-25,1713
327,Male,Engineering,3,1,5.0,53.0,2014-06-03,,Work-Life Balance,56-65,3781
328,Male,Operations,3,1,6.0,35.0,2022-10-20,2023-12-12,,46-55,720
329,Non-binary,IT,2,4,6.0,40.0,2020-12-31,,,26-35,1378
330,Female,Finance,1,4,8.0,40.0,2021-11-12,,,56-65,1062
331,Female,Marketing,4,5,7.0,35.0,2021-02-13,,,36-45,1334
332,Non-binary,Engineering,3,1,4.0,54.0,2013-07-04,,,36-45,4115
333,Non-binary,Finance,3,3,4.0,35.0,2020-10-16,,,46-55,1454
334,Female,Engineering,1,1,4.0,47.0,2011-04-14,2024-02-25,Work-Life Balance,56-65,4927
335,Female,Marketing,4,5,9.0,35.0,2021-12-24,,,46-55,1020
336,Male,IT,2,4,10.0,40.0,2021-10-15,,,46-55,1090
337,Male,IT,2,2,6.0,35.0,2012-11-19,,Retirement,56-65,4342
338,Female,Sales,2,3,7.0,40.0,2021-03-15,,,56-65,1304
339,Male,Finance,3,5,7.0,35.0,2016-03-19,,Retirement,56-65,3126
340,Non-binary,Operations,1,5,10.0,30.0,2014-01-16,2024-06-22,,36-45,3919
341,Male,Sales,5,2,8.0,35.0,2020-11-26,,,26-35,1413
342,Female,Engineering,1,2,4.0,47.0,2012-12-15,,,18-25,4316
343,Female,Finance,2,4,7.0,40.0,2010-02-06,,Work-Life Balance,26-35,5359
344,Male,Finance,2,1,7.0,40.0,2012-06-22,,,56-65,4492
345,Female,IT,1,2,4.0,30.0,2014-05-14,2024-04-09,,18-25,3801
346,Male,Sales,5,2,6.0,40.0,2021-11-14,2024-08-09,Compensation,36-45,1060
347,Non-binary,Operations,2,1,8.0,35.0,2023-04-22,2024-07-30,Work-Life Balance,18-25,536
348,Non-binary,HR,1,1,6.0,40.0,2013-09-05,,Career Growth,18-25,4052
349,Male,Sales,4,3,7.0,40.0,2018-10-01,2023-11-04,Compensation,18-25,2200
350,Female,Engineering,1,2,6.0,41.0,2015-05-14,,,56-65,3436
351,Female,Finance,5,5,7.0,30.0,2023-07-04,2024-08-19,Career Growth,26-35,463
352,Male,Finance,2,2,4.0,35.0,2017-04-11,2023-10-24,Career Growth,36-45,2738
353,Non-binary,HR,2,3,7.0,40.0,2022-12-02,,,18-25,677
354,Female,Finance,1,1,6.0,35.0,2011-05-21,2023-10-15,Career Growth,26-35,4890
355,Male,Engineering,5,5,4.0,48.0,2023-05-10,,,26-35,518
356,Male,HR,5,5,9.0,50.0,2012-04-09,,,26-35,4566
357,Male,Sales,4,5,6.0,30.0,2023-03-31,2024-09-10,Compensation,18-25,558
358,Non-binary,Finance,4,1,10.0,45.0,2013-06-27,,,18-25,4122
359,Female,Marketing,2,2,9.0,35.0,2011-04-16,2024-08-19,,36-45,4925
360,Non-binary,Sales,1,4,5.0,40.0,2015-11-08,,,46-55,3258
361,Female,Engineering,2,2,4.0,54.0,2019-12-21,,,56-65,1754
362,Female,Finance,3,5,4.0,40.0,2014-02-28,,,56-65,3876
363,Female,Marketing,4,2,3.0,40.0,2018-04-04,,Retirement,26-35,2380
364,Non-binary,Engineering,5,4,3.0,48.0,2016-12-05,,,26-35,2865
365,Male,Engineering,2,1,5.0,52.0,2015-03-01,2024-05-06,,46-55,3510
366,Non-binary,HR,1,1,3.0,35.0,2017-11-04,,,18-25,2531
367,Non-binary,Engineering,2,2,5.0,55.0,2013-05-03,2024-05-05,,18-25,4177
368,Non-binary,Finance,2,5,8.0,30.0,2019-09-11,2024-06-24,Career Growth,46-55,1855
369,Male,IT,2,4,8.0,35.0,2009-10-17,2024-03-09,Career Growth,18-25,5471
370,Non-binary,Sales,5,2,8.0,40.0,2022-09-23,,Personal Reasons,56-65,747
371,Non-binary,Engineering,2,2,4.0,51.0,2017-04-23,2023-11-20,Work-Life Balance,36-45,2726
372,Non-binary,HR,1,3,8.0,40.0,2019-11-04,2023-10-16,Career Growth,18-25,1801
373,Male,Finance,5,1,5.0,35.0,2020-02-27,,Work-Life Balance,56-65,1686
374,Male,Marketing,2,1,2.0,40.0,2019-02-27,,,18-25,2051
375,Non-binary,Engineering,3,1,3.0,52.0,2014-11-14,,,36-45,3617
376,Non-binary,Engineering,4,5,7.0,43.0,2010-10-01,,,18-25,5122
377,Female,Sales,5,1,9.0,45.0,2019-01-26,,,36-45,2083
378,Male,Engineering,1,2,2.0,48.0,2014-05-24,2024-02-04,,36-45,3791
379,Female,Engineering,3,3,5.0,58.0,2014-03-02,2024-07-28,,18-25,3874
380,Non-binary,Marketing,2,5,7.0,45.0,2021-08-22,,,56-65,1144
381,Non-binary,Operations,2,4,6.0,40.0,2019-11-06,,,56-65,1799
382,Male,Sales,2,2,6.0,35.0,2013-12-22,,,56-65,3944
383,Female,Engineering,5,3,6.0,50.0,2014-02-06,,,46-55,3898
384,Male,Operations,5,3,4.0,45.0,2015-06-28,,,46-55,3391
385,Male,IT,2,1,5.0,40.0,2015-05-28,,Compensation,18-25,3422
386,Female,Engineering,3,3,1.0,59.0,2013-11-28,,,36-45,3968
387,Non-binary,IT,1,2,9.0,40.0,2011-07-21,,,56-65,4829
388,Non-binary,Finance,3,5,5.0,40.0,2015-08-28,,,36-45,3330
389,Female,Marketing,4,5,6.0,35.0,2022-12-08,,,56-65,671
390,Male,HR,2,4,5.0,40.0,2019-04-03,,,36-45,2016
391,Male,Marketing,2,4,6.0,40.0,2022-05-30,2024-05-22,,18-25,863
392,Female,Finance,5,5,5.0,35.0,2018-05-22,,,18-25,2332
393,Non-binary,Sales,5,4,7.0,30.0,2013-12-25,,,46-55,3941
394,Non-binary,Finance,2,3,4.0,45.0,2017-06-10,2024-08-08,Career Growth,18-25,2678
395,Male,Engineering,5,2,6.0,46.0,2009-10-11,,Work-Life Balance,18-25,5477
396,Female,IT,4,4,5.0,40.0,2013-10-14,2024-09-09,,26-35,4013
397,Female,Marketing,2,2,5.0,45.0,2015-10-16,,,56-65,3281
398,Non-binary,Engineering,4,2,4.0,51.0,2017-11-21,,,36-45,2514
399,Female,Sales,1,2,6.0,40.0,2018-12-08,2023-11-10,Compensation,56-65,2132
400,Non-binary,Marketing,5,3,3.0,30.0,2016-04-12,,,26-35,3102
401,Non-binary,Engineering,3,1,5.0,48.0,2015-12-17,,,36-45,3219
402,Male,Engineering,5,3,4.0,52.0,2012-10-05,,,18-25,4387
403,Non-binary,Engineering,4,3,6.0,54.0,2016-05-24,,,18-25,3060
404,Non-binary,Engineering,3,1,5.0,53.0,2022-05-21,,,26-35,872
405,Non-binary,Sales,5,4,10.0,40.0,2020-11-30,,,56-65,1409
406,Female,Engineering,1,2,5.0,55.0,2012-02-23,,,56-65,4612
407,Male,Engineering,1,3,3.0,49.0,2010-12-16,,Work-Life Balance,46-55,5046
408,Female,HR,3,4,9.0,40.0,2016-12-26,,,56-65,2844
409,Non-binary,HR,2,5,6.0,40.0,2018-08-19,,,26-35,2243
410,Non-binary,Sales,1,5,4.0,30.0,2014-06-18,,,26-35,3766
411,Male,Sales,3,1,6.0,35.0,2021-03-24,,,46-55,1295
412,Female,Marketing,5,2,10.0,35.0,2020-04-14,,,26-35,1639
413,Female,Engineering,3,5,7.0,49.0,2019-03-11,,Work-Life Balance,18-25,2039
414,Female,Engineering,3,5,5.0,41.0,2012-11-30,,Work-Life Balance,56-65,4331
415,Female,Sales,5,4,7.0,35.0,2012-07-23,,Work-Life Balance,36-45,4461
416,Non-binary,Operations,4,3,9.0,35.0,2010-02-10,,,18-25,5355
417,Male,Engineering,4,3,8.0,53.0,2013-03-13,,Work-Life Balance,36-45,4228
418,Female,Operations,5,4,6.0,35.0,2016-06-03,2024-08-13,,36-45,3050
419,Non-binary,Engineering,4,4,7.0,50.0,2021-08-31,,,18-25,1135
420,Male,Operations,3,4,7.0,30.0,2010-10-16,,,46-55,5107
421,Male,Engineering,3,1,2.0,49.0,2015-07-29,,,46-55,3360
422,Male,IT,3,1,8.0,45.0,2018-08-02,,Career Growth,18-25,2260
423,Male,Finance,4,4,8.0,35.0,2012-06-29,2024-01-06,Career Growth,26-35,4485
424,Male,Engineering,3,2,4.0,49.0,2019-07-09,,,36-45,1919
425,Female,Marketing,3,5,4.0,40.0,2016-09-09,,Compensation,26-35,2952
426,Male,HR,5,4,5.0,35.0,2013-03-09,,Retirement,36-45,4232
427,Non-binary,Sales,3,2,5.0,35.0,2018-12-15,,,18-25,2125
428,Female,Sales,3,5,5.0,35.0,2009-11-06,,,18-25,5451
429,Female,Engineering,4,2,3.0,49.0,2020-04-13,,,18-25,1640
430,Female,Engineering,4,3,4.0,48.0,2020-07-20,,Work-Life Balance,46-55,1542
431,Non-binary,HR,5,2,7.0,35.0,2011-04-06,,Career Growth,18-25,4935
432,Male,Operations,5,1,7.0,40.0,2015-09-21,,,26-35,3306
433,Non-binary,HR,1,5,6.0,45.0,2012-03-26,,,36-45,4580
434,Non-binary,IT,5,3,6.0,40.0,2023-03-08,,,18-25,581
435,Non-binary,IT,3,1,9.0,40.0,2017-01-08,,,18-25,2831
436,Non-binary,Engineering,1,2,5.0,47.0,2010-06-22,,,56-65,5223
437,Male,Engineering,1,5,5.0,51.0,2013-04-05,,Work-Life Balance,36-45,4205
438,Female,Marketing,1,2,5.0,35.0,2021-08-24,,,36-45,1142
439,Female,Engineering,2,4,6.0,52.0,2016-02-28,,Work-Life Balance,18-25,3146
440,Non-binary,Engineering,5,5,7.0,46.0,2020-12-27,,Work-Life Balance,56-65,1382
441,Male,Marketing,2,2,1.0,35.0,2019-02-12,2024-05-11,,46-55,2066
442,Non-binary,Sales,1,3,5.0,35.0,2023-08-08,,Retirement,26-35,428
443,Non-binary,HR,1,2,8.0,40.0,2018-02-08,,,26-35,2435
444,Male,IT,2,3,9.0,40.0,2023-01-26,2024-04-17,Career Growth,36-45,622
445,Non-binary,Engineering,4,2,6.0,47.0,2022-04-01,,Work-Life Balance,36-45,922
446,Male,Operations,2,3,7.0,45.0,2018-05-07,2024-03-01,,36-45,2347
447,Male,HR,3,1,10.0,40.0,2019-11-03,,Career Growth,18-25,1802
448,Non-binary,Finance,4,2,9.0,30.0,2016-11-01,,Work-Life Balance,36-45,2899
449,Female,Sales,4,2,5.0,30.0,2021-05-25,,Personal Reasons,56-65,1233
450,Non-binary,HR,4,3,7.0,35.0,2017-06-10,2024-01-30,Career Growth,56-65,2678
451,Non-binary,IT,1,3,7.0,40.0,2022-05-01,,,26-35,892
452,Non-binary,Engineering,5,5,4.0,48.0,2020-03-07,,,56-65,1677
453,Female,Engineering,4,1,3.0,50.0,2016-06-01,,Work-Life Balance,26-35,3052
454,Male,Marketing,1,5,6.0,40.0,2013-05-26,2024-02-10,,18-25,4154
455,Male,Finance,4,1,7.0,40.0,2013-03-26,,,56-65,4215
456,Female,Engineering,1,4,5.0,49.0,2018-09-12,,Work-Life Balance,56-65,2219
457,Female,Sales,3,2,8.0,45.0,2020-06-28,,,46-55,1564
458,Female,Sales,3,5,8.0,45.0,2017-01-25,,,46-55,2814
459,Female,Operations,4,2,9.0,40.0,2018-07-18,,,18-25,2275
460,Non-binary,Engineering,1,5,5.0,53.0,2013-08-13,2024-02-07,,26-35,4075
461,Male,Marketing,3,1,7.0,35.0,2010-11-09,2023-12-09,,26-35,5083
462,Non-binary,Operations,4,3,6.0,40.0,2013-10-08,,,46-55,4019
463,Male,Engineering,3,3,4.0,41.0,2013-07-29,2024-04-12,,56-65,4090
464,Female,IT,1,1,5.0,30.0,2014-03-31,,,36-45,3845
465,Non-binary,Engineering,3,1,2.0,42.0,2017-05-01,,,56-65,2718
466,Female,IT,4,4,8.0,35.0,2011-09-16,,,18-25,4772
467,Non-binary,Engineering,3,2,6.0,50.0,2013-01-03,2023-11-19,,36-45,4297
468,Non-binary,IT,4,2,10.0,40.0,2019-06-27,,,56-65,1931
469,Non-binary,Marketing,3,5,3.0,35.0,2019-08-29,2024-04-12,,56-65,1868
470,Non-binary,Engineering,5,1,4.0,46.0,2010-09-02,,,18-25,5151
471,Non-binary,HR,2,5,5.0,35.0,2015-06-24,2024-09-04,Career Growth,56-65,3395
472,Female,IT,2,4,8.0,35.0,2017-05-14,,,18-25,2705
473,Non-binary,IT,3,1,5.0,35.0,2015-08-04,,,46-55,3354
474,Non-binary,Finance,1,3,10.0,40.0,2012-08-31,2024-02-13,Career Growth,56-65,4422
475,Male,IT,3,4,7.0,35.0,2015-08-27,,Retirement,26-35,3331
476,Female,Finance,4,4,9.0,35.0,2022-06-09,,Personal Reasons,56-65,853
477,Male,IT,1,2,7.0,30.0,2017-12-12,,,46-55,2493
478,Female,IT,2,2,7.0,30.0,2019-07-05,2024-07-01,Compensation,26-35,1923
479,Male,Marketing,2,4,8.0,35.0,2021-10-06,2024-08-03,,26-35,1099
480,Female,Finance,3,1,5.0,40.0,2020-06-27,,,26-35,1565
481,Female,Engineering,3,1,4.0,54.0,2015-02-04,,Work-Life Balance,56-65,3535
482,Non-binary,IT,2,3,4.0,35.0,2009-11-08,,,26-35,5449
483,Female,Engineering,1,4,4.0,55.0,2014-09-11,2024-08-02,,18-25,3681
484,Non-binary,Finance,3,4,6.0,35.0,2020-04-26,,,56-65,1627
485,Male,Engineering,4,1,4.0,51.0,2021-09-19,,,18-25,1116
486,Female,HR,5,2,8.0,40.0,2023-02-12,2024-01-03,Career Growth,56-65,605
487,Female,Engineering,1,1,4.0,44.0,2015-08-21,,,26-35,3337
488,Male,Sales,1,4,4.0,35.0,2020-03-27,,,36-45,1657
489,Male,Engineering,4,1,3.0,55.0,2017-06-01,,Work-Life Balance,36-45,2687
490,Non-binary,Engineering,2,4,4.0,50.0,2018-03-20,2023-12-01,,46-55,2395
491,Male,Operations,4,2,7.0,40.0,2012-11-09,,,46-55,4352
492,Non-binary,Engineering,1,3,6.0,42.0,2012-11-03,,,26-35,4358
493,Female,Engineering,2,3,5.0,43.0,2015-11-15,2023-12-20,,46-55,3251
494,Female,Sales,5,5,4.0,35.0,2010-03-06,2024-05-16,Compensation,18-25,5331
495,Non-binary,Engineering,2,3,6.0,57.0,2014-06-23,,,18-25,3761
496,Non-binary,Sales,2,1,5.0,45.0,2019-04-12,,,18-25,2007
497,Male,Engineering,3,5,3.0,56.0,2015-06-07,2024-07-13,Work-Life Balance,36-45,3412
498,Female,Operations,5,1,7.0,35.0,2012-01-30,,,26-35,4636
499,Female,Sales,1,5,6.0,40.0,2016-04-24,2024-06-04,Compensation,46-55,3090
500,Male,Sales,2,2,7.0,35.0,2011-07-23,,,36-45,4827
501,Non-binary,IT,3,1,7.0,35.0,2018-06-25,,,56-65,2298
502,Female,Engineering,3,3,3.0,37.0,2010-02-23,,,36-45,5342
503,Male,HR,1,2,6.0,40.0,2015-04-15,,,46-55,3465
504,Male,Finance,3,4,7.0,35.0,2017-09-02,,,36-45,2594
505,Male,Sales,4,3,8.0,35.0,2010-02-24,,,36-45,5341
506,Male,IT,3,3,7.0,35.0,2018-10-08,,,56-65,2193
507,Non-binary,IT,5,4,6.0,40.0,2011-09-02,,Compensation,36-45,4786
508,Non-binary,Operations,1,2,8.0,45.0,2016-03-26,,Career Growth,36-45,3119
509,Male,Marketing,5,5,5.0,45.0,2010-06-23,,,56-65,5222
510,Non-binary,Operations,1,2,6.0,30.0,2015-01-29,2023-12-12,,26-35,3541
511,Non-binary,IT,5,3,5.0,40.0,2012-09-25,2024-07-17,,18-25,4397
512,Female,Marketing,1,4,8.0,45.0,2014-05-07,,,18-25,3808
513,Non-binary,HR,5,5,9.0,30.0,2020-06-05,,,46-55,1587
514,Female,Engineering,5,4,4.0,43.0,2015-01-29,,Work-Life Balance,46-55,3541
515,Female,Sales,1,4,7.0,35.0,2020-04-19,,,46-55,1634
516,Male,Engineering,4,3,4.0,55.0,2021-06-01,,,26-35,1226
517,Male,Engineering,1,3,4.0,49.0,2013-04-20,,,56-65,4190
518,Female,Engineering,3,5,5.0,53.0,2010-12-01,2024-04-06,,46-55,5061
519,Non-binary,Marketing,3,5,2.0,35.0,2010-01-16,2024-07-11,,26-35,5380
520,Non-binary,Engineering,3,5,4.0,49.0,2017-04-28,,,46-55,2721
521,Male,Operations,5,2,6.0,35.0,2023-10-08,,,36-45,367
522,Female,Engineering,1,1,3.0,53.0,2014-09-02,,,56-65,3690
523,Male,HR,4,4,10.0,35.0,2018-11-15,,,18-25,2155
524,Female,Engineering,2,1,4.0,50.0,2020-09-15,,Work-Life Balance,46-55,1485
525,Male,Engineering,3,5,5.0,47.0,2018-11-23,,,46-55,2147
526,Male,Engineering,4,5,6.0,55.0,2020-04-30,2024-07-13,,18-25,1623
527,Non-binary,Sales,3,4,2.0,40.0,2023-01-24,,,36-45,624
528,Non-binary,Finance,1,2,9.0,35.0,2012-07-24,2024-03-21,Career Growth,56-65,4460
529,Non-binary,Operations,1,3,8.0,35.0,2010-01-21,,,56-65,5375
530,Male,Marketing,5,3,6.0,45.0,2011-11-27,,Retirement,26-35,4700
531,Non-binary,Sales,4,1,4.0,40.0,2011-07-16,,,36-45,4834
532,Male,HR,3,2,8.0,35.0,2019-02-21,,,56-65,2057
533,Non-binary,IT,4,3,2.0,45.0,2017-08-31,,,46-55,2596
534,Non-binary,IT,3,4,6.0,40.0,2012-10-27,,,26-35,4365
535,Male,Engineering,3,1,5.0,51.0,2019-07-25,2024-09-11,Work-Life Balance,26-35,1903
536,Male,Engineering,5,5,5.0,53.0,2020-07-04,,,18-25,1558
537,Non-binary,Operations,2,1,9.0,35.0,2012-02-13,,Career Growth,56-65,4622
538,Male,Operations,1,2,6.0,35.0,2018-04-09,2024-05-02,Career Growth,56-65,2375
539,Female,Engineering,5,4,4.0,50.0,2020-03-29,2024-05-28,,18-25,1655
540,Non-binary,Engineering,5,3,5.0,47.0,2011-05-17,2024-05-24,,36-45,4894
541,Male,Finance,4,2,6.0,40.0,2021-03-29,2024-08-20,Career Growth,56-65,1290
542,Non-binary,Engineering,2,5,4.0,58.0,2023-04-11,,,26-35,547
543,Male,Operations,1,2,8.0,35.0,2011-04-14,2024-05-25,Career Growth,56-65,4927
544,Non-binary,IT,2,4,8.0,40.0,2010-02-17,,,18-25,5348
545,Male,Marketing,4,2,7.0,30.0,2014-02-20,,,56-65,3884
546,Female,Finance,4,3,10.0,35.0,2019-04-03,,,46-55,2016
547,Non-binary,Sales,3,4,9.0,45.0,2023-03-09,,,46-55,580
548,Female,Engineering,2,2,5.0,51.0,2015-04-29,,Work-Life Balance,46-55,3451
549,Male,IT,3,4,5.0,35.0,2019-10-12,,,56-65,1824
550,Male,Finance,2,3,8.0,30.0,2010-11-01,,,26-35,5091
551,Non-binary,HR,5,3,7.0,35.0,2019-06-10,,,36-45,1948
552,Non-binary,Marketing,4,3,10.0,35.0,2018-07-21,,,46-55,2272
553,Male,Sales,2,5,8.0,30.0,2011-03-14,,,36-45,4958
554,Male,Sales,1,4,8.0,35.0,2020-08-01,2023-12-03,Compensation,36-45,1530
555,Male,Finance,3,5,7.0,45.0,2021-09-03,,,36-45,1132
556,Male,Finance,3,1,5.0,35.0,2018-03-05,,Work-Life Balance,18-25,2410
557,Male,Engineering,5,3,3.0,48.0,2011-06-19,2023-11-02,Work-Life Balance,46-55,4861
558,Male,Sales,1,2,7.0,30.0,2023-07-18,2024-03-18,Compensation,56-65,449
559,Female,Marketing,2,5,3.0,30.0,2020-09-22,2024-01-27,,18-25,1478
560,Non-binary,Sales,2,5,9.0,40.0,2014-08-19,,,18-25,3704
561,Female,Marketing,1,4,10.0,40.0,2015-10-08,2024-01-17,,26-35,3289
562,Non-binary,Marketing,2,2,3.0,40.0,2014-12-16,,Work-Life Balance,26-35,3585
563,Female,Engineering,2,3,5.0,56.0,2016-11-07,,Work-Life Balance,18-25,2893
564,Female,HR,5,4,7.0,30.0,2014-07-19,2023-10-29,Career Growth,56-65,3735
565,Male,Engineering,4,3,5.0,43.0,2021-08-30,,,36-45,1136
566,Male,HR,3,1,7.0,30.0,2021-04-13,,Personal Reasons,26-35,1275
567,Female,Sales,2,5,6.0,40.0,2011-04-01,,Compensation,36-45,4940
568,Male,Marketing,4,3,4.0,35.0,2023-03-22,,,18-25,567
569,Male,HR,1,4,9.0,40.0,2018-09-01,2024-04-11,Career Growth,56-65,2230
570,Male,Engineering,3,4,5.0,61.0,2021-05-16,,Work-Life Balance,36-45,1242
571,Non-binary,IT,5,4,5.0,35.0,2019-09-03,,,56-65,1863
572,Female,Operations,4,2,10.0,40.0,2015-11-13,2024-01-30,,18-25,3253
573,Female,Operations,2,1,5.0,45.0,2020-01-16,,,46-55,1728
574,Non-binary,HR,2,5,4.0,35.0,2023-04-15,2024-03-22,Career Growth,18-25,543
575,Non-binary,Sales,4,3,7.0,35.0,2013-07-20,2023-10-29,Compensation,18-25,4099
576,Male,Finance,4,3,7.0,40.0,2021-01-31,,,56-65,1347
577,Male,Sales,3,2,8.0,35.0,2017-04-21,,,36-45,2728
578,Non-binary,HR,3,4,8.0,45.0,2016-07-16,2024-08-08,Career Growth,26-35,3007
579,Male,Sales,2,2,8.0,35.0,2015-11-14,,,26-35,3252
580,Female,Engineering,2,1,3.0,49.0,2020-01-02,,,26-35,1742
581,Male,Marketing,1,2,5.0,40.0,2013-07-12,,,36-45,4107
582,Female,IT,1,3,5.0,35.0,2021-09-10,,Retirement,36-45,1125
583,Male,Engineering,5,1,5.0,43.0,2021-05-26,,,26-35,1232
584,Male,Engineering,3,1,2.0,59.0,2010-12-26,2023-11-06,,36-45,5036
585,Female,Finance,1,3,8.0,35.0,2022-02-10,2024-08-20,Career Growth,18-25,972
586,Male,Sales,5,2,3.0,40.0,2013-03-08,,,26-35,4233
587,Male,IT,5,1,5.0,40.0,2016-04-11,,,26-35,3103
588,Female,Finance,1,2,10.0,35.0,2018-04-25,,,46-55,2359
589,Male,Finance,2,2,8.0,30.0,2015-01-28,2024-08-17,Career Growth,18-25,3542
590,Female,Sales,2,3,7.0,30.0,2010-03-04,,,46-55,5333
591,Non-binary,Operations,5,1,8.0,40.0,2021-09-06,,Work-Life Balance,18-25,1129
592,Male,HR,4,2,10.0,40.0,2012-04-25,,Work-Life Balance,56-65,4550
593,Non-binary,Finance,4,2,10.0,30.0,2012-09-27,2024-05-21,Career Growth,26-35,4395
594,Female,Sales,1,5,3.0,35.0,2020-12-09,,,56-65,1400
595,Male,HR,1,3,4.0,40.0,2014-07-15,,,46-55,3739
596,Male,Operations,3,4,3.0,40.0,2022-02-04,,,26-35,978
597,Female,Engineering,5,3,5.0,47.0,2019-08-03,,,18-25,1894
598,Non-binary,Engineering,5,2,3.0,51.0,2013-08-21,,Work-Life Balance,56-65,4067
599,Male,Engineering,5,5,7.0,53.0,2009-11-29,,,56-65,5428
600,Non-binary,Finance,3,4,3.0,45.0,2023-01-16,,,36-45,632
601,Female,Marketing,2,2,3.0,40.0,2010-12-20,,,56-65,5042
602,Female,Marketing,3,2,5.0,40.0,2019-11-07,,,46-55,1798
603,Female,Engineering,5,4,5.0,55.0,2016-08-11,,,36-45,2981
604,Non-binary,Sales,5,4,9.0,30.0,2020-05-20,,Work-Life Balance,56-65,1603
605,Female,Finance,5,4,10.0,45.0,2019-06-10,2024-04-11,Career Growth,56-65,1948
606,Female,Operations,5,5,6.0,30.0,2018-10-24,2024-03-26,Retirement,36-45,2177
607,Female,Engineering,2,5,6.0,51.0,2016-08-22,2024-04-28,,18-25,2970
608,Female,Engineering,2,5,8.0,46.0,2020-11-14,,,36-45,1425
609,Female,Sales,5,2,6.0,35.0,2011-01-27,,,18-25,5004
610,Non-binary,Finance,5,2,7.0,40.0,2012-11-15,2024-07-24,Career Growth,56-65,4346
611,Female,Sales,1,1,8.0,35.0,2019-06-16,,,18-25,1942
612,Female,Sales,1,2,5.0,35.0,2014-01-21,,Compensation,46-55,3914
613,Male,Sales,3,4,10.0,40.0,2017-11-29,,Personal Reasons,26-35,2506
614,Female,Engineering,1,1,3.0,51.0,2016-05-24,2024-08-31,,18-25,3060
615,Female,Operations,3,2,7.0,35.0,2017-03-15,,,56-65,2765
616,Female,IT,3,2,5.0,35.0,2015-09-23,,,56-65,3304
617,Non-binary,Operations,5,4,5.0,35.0,2020-03-18,,Compensation,56-65,1666
618,Non-binary,Engineering,5,2,5.0,47.0,2014-05-27,,,18-25,3788
619,Male,Sales,3,5,7.0,35.0,2019-08-11,,Personal Reasons,46-55,1886
620,Male,IT,5,4,10.0,35.0,2013-07-25,2024-03-21,,26-35,4094
621,Non-binary,Sales,4,4,4.0,35.0,2013-04-16,,Work-Life Balance,18-25,4194
622,Male,HR,5,1,10.0,45.0,2011-06-17,,,18-25,4863
623,Non-binary,Engineering,3,1,3.0,51.0,2012-06-19,,,46-55,4495
624,Male,Sales,5,1,6.0,40.0,2011-06-12,,,46-55,4868
625,Female,Finance,5,2,7.0,40.0,2017-04-09,2024-07-31,Career Growth,18-25,2740
626,Non-binary,Engineering,2,2,5.0,58.0,2020-06-10,,,26-35,1582
627,Female,Engineering,2,5,7.0,53.0,2012-05-12,,,36-45,4533
628,Female,Engineering,3,3,4.0,51.0,2012-10-19,2024-06-03,,56-65,4373
629,Non-binary,Operations,2,1,9.0,30.0,2016-07-19,,,56-65,3004
630,Non-binary,Marketing,5,1,7.0,30.0,2019-11-30,,,36-45,1775
631,Male,Sales,2,5,6.0,35.0,2023-06-11,,,26-35,486
632,Male,Operations,2,2,7.0,30.0,2017-02-11,2024-02-03,,18-25,2797
633,Non-binary,Engineering,3,3,3.0,53.0,2013-09-24,,,36-45,4033
634,Male,Marketing,5,4,4.0,30.0,2011-03-06,,,46-55,4966
635,Male,Operations,4,1,8.0,35.0,2012-06-27,,,56-65,4487
636,Non-binary,Engineering,1,5,4.0,54.0,2012-12-15,,,36-45,4316
637,Non-binary,IT,2,1,6.0,35.0,2012-04-13,,,18-25,4562
638,Non-binary,Engineering,5,4,8.0,44.0,2009-12-20,,Work-Life Balance,56-65,5407
639,Male,Operations,1,1,8.0,40.0,2017-04-01,,,36-45,2748
640,Non-binary,Engineering,2,1,6.0,50.0,2013-08-11,,,18-25,4077
641,Female,Sales,3,1,9.0,40.0,2023-05-30,,,46-55,498
642,Male,Operations,2,1,8.0,40.0,2017-07-08,,,56-65,2650
643,Non-binary,Engineering,5,2,3.0,62.0,2019-07-14,,,26-35,1914
644,Female,Marketing,5,4,6.0,40.0,2011-07-16,,,26-35,4834
645,Non-binary,Finance,1,5,6.0,50.0,2021-12-05,,Personal Reasons,56-65,1039
646,Male,HR,4,5,6.0,40.0,2016-08-22,,,26-35,2970
647,Non-binary,HR,4,5,6.0,50.0,2021-12-27,,,56-65,1017
648,Male,Operations,5,2,6.0,40.0,2017-10-22,2024-03-31,Career Growth,46-55,2544
649,Male,Engineering,3,2,7.0,56.0,2016-05-05,,Work-Life Balance,26-35,3079
650,Female,Sales,3,5,8.0,35.0,2015-12-09,,,56-65,3227
651,Non-binary,Engineering,2,5,2.0,47.0,2012-05-08,,Work-Life Balance,18-25,4537
652,Male,Finance,1,2,5.0,40.0,2010-06-28,2023-12-03,Career Growth,46-55,5217
653,Female,Engineering,2,1,8.0,46.0,2022-12-11,,Work-Life Balance,46-55,668
654,Non-binary,Sales,4,1,9.0,35.0,2016-06-16,,,18-25,3037
655,Female,Sales,3,1,5.0,35.0,2021-04-12,,,46-55,1276
656,Male,Engineering,4,3,6.0,46.0,2015-05-19,,,56-65,3431
657,Male,Marketing,4,4,7.0,30.0,2010-10-22,,Personal Reasons,36-45,5101
658,Non-binary,Engineering,1,3,7.0,54.0,2018-08-01,,,36-45,2261
659,Female,Engineering,5,5,2.0,58.0,2010-07-10,,Work-Life Balance,46-55,5205
660,Female,Sales,1,5,5.0,40.0,2011-11-10,,,26-35,4717
661,Male,Sales,2,4,3.0,35.0,2017-08-25,,Compensation,46-55,2602
662,Male,Finance,5,4,1.0,30.0,2014-01-09,,,56-65,3926
663,Non-binary,IT,4,3,7.0,40.0,2023-09-07,,Retirement,26-35,398
664,Non-binary,Operations,3,4,8.0,35.0,2011-06-06,,,46-55,4874
665,Non-binary,Marketing,2,5,7.0,45.0,2020-06-21,2023-10-31,,18-25,1571
666,Male,HR,3,1,3.0,40.0,2018-04-05,,,56-65,2379
667,Female,Engineering,1,1,5.0,52.0,2020-11-03,,Work-Life Balance,36-45,1436
668,Non-binary,Engineering,4,5,4.0,50.0,2012-12-05,2023-11-15,,46-55,4326
669,Female,Sales,3,3,5.0,45.0,2017-01-31,,,56-65,2808
670,Non-binary,Operations,4,1,5.0,35.0,2016-01-29,,,56-65,3176
671,Female,Sales,5,2,7.0,35.0,2015-12-20,,,26-35,3216
672,Male,Sales,5,1,4.0,40.0,2021-10-24,,,56-65,1081
673,Male,IT,5,4,6.0,35.0,2023-08-19,,,26-35,417
674,Male,Marketing,3,4,7.0,40.0,2014-01-17,2024-09-02,,46-55,3918
675,Non-binary,Marketing,4,5,9.0,35.0,2018-06-19,,,56-65,2304
676,Female,Marketing,3,2,7.0,40.0,2018-04-22,2024-02-11,,36-45,2362
677,Male,HR,1,4,4.0,35.0,2020-02-18,,,36-45,1695
678,Male,Engineering,3,1,3.0,47.0,2023-01-14,,,36-45,634
679,Female,Engineering,3,5,3.0,51.0,2012-09-05,2024-06-26,,56-65,4417
680,Non-binary,IT,4,2,4.0,35.0,2012-09-21,,,26-35,4401
681,Female,HR,3,1,4.0,35.0,2019-01-06,2024-04-10,Career Growth,36-45,2103
682,Female,IT,3,5,3.0,40.0,2011-12-21,,,26-35,4676
683,Female,Engineering,3,4,5.0,45.0,2012-03-15,,Work-Life Balance,18-25,4591
684,Non-binary,Marketing,2,3,9.0,45.0,2010-10-27,,Compensation,46-55,5096
685,Male,Finance,4,4,10.0,35.0,2009-10-22,,,36-45,5466
686,Male,Operations,2,5,5.0,40.0,2016-01-29,,,36-45,3176
687,Non-binary,Finance,2,4,9.0,40.0,2018-01-31,,,56-65,2443
688,Female,Engineering,3,1,5.0,40.0,2013-11-06,,,46-55,3990
689,Male,HR,4,3,3.0,35.0,2013-01-04,,,18-25,4296
690,Male,Engineering,1,5,6.0,58.0,2019-09-01,,,46-55,1865
691,Non-binary,Operations,2,3,7.0,40.0,2019-08-12,,,56-65,1885
692,Male,Sales,4,1,10.0,35.0,2016-02-16,,,46-55,3158
693,Female,Engineering,3,5,4.0,44.0,2019-05-24,,,46-55,1965
694,Female,Engineering,1,4,4.0,48.0,2022-09-14,,,46-55,756
695,Non-binary,Engineering,2,1,2.0,53.0,2020-10-19,,,46-55,1451
696,Male,Engineering,5,3,7.0,57.0,2018-07-09,,,26-35,2284
697,Female,HR,1,1,6.0,30.0,2019-01-10,2023-12-11,Career Growth,36-45,2099
698,Non-binary,Operations,5,1,5.0,30.0,2022-11-03,,,18-25,706
699,Male,Engineering,2,1,5.0,51.0,2015-09-21,,,18-25,3306
700,Female,HR,4,2,6.0,50.0,2017-05-24,,,26-35,2695
701,Female,Engineering,4,4,6.0,44.0,2018-11-02,,,56-65,2168
702,Female,IT,4,3,6.0,30.0,2022-06-27,,,26-35,835
703,Non-binary,HR,5,2,9.0,40.0,2021-05-05,,,26-35,1253
704,Female,HR,5,1,7.0,50.0,2010-10-09,,,46-55,5114
705,Male,Engineering,5,3,6.0,48.0,2012-02-04,,Work-Life Balance,56-65,4631
706,Non-binary,IT,4,3,9.0,40.0,2014-01-28,,Personal Reasons,18-25,3907
707,Male,Engineering,1,1,7.0,46.0,2020-04-03,,Work-Life Balance,46-55,1650
708,Male,Engineering,2,5,3.0,49.0,2017-09-27,,,46-55,2569
709,Female,Engineering,2,4,6.0,56.0,2013-10-23,,,18-25,4004
710,Non-binary,Marketing,2,4,4.0,35.0,2011-07-06,2024-01-07,,46-55,4844
711,Female,IT,2,5,3.0,35.0,2019-05-31,,,26-35,1958
712,Non-binary,IT,3,5,9.0,35.0,2019-07-26,,,56-65,1902
713,Female,IT,5,4,8.0,40.0,2022-12-19,,,26-35,660
714,Non-binary,Sales,4,3,7.0,35.0,2016-10-10,,,26-35,2921
715,Non-binary,Engineering,3,3,4.0,37.0,2016-09-06,2024-03-17,,26-35,2955
716,Female,Engineering,1,1,8.0,47.0,2010-11-24,,,56-65,5068
717,Male,Operations,1,2,9.0,45.0,2010-04-30,,,46-55,5276
718,Male,Engineering,2,4,3.0,47.0,2015-10-26,,,36-45,3271
719,Female,HR,3,1,6.0,35.0,2014-04-14,,,46-55,3831
720,Male,Engineering,4,2,6.0,43.0,2013-04-11,,,18-25,4199
721,Female,Finance,5,4,5.0,35.0,2011-01-18,2024-03-17,Career Growth,46-55,5013
722,Non-binary,HR,4,3,6.0,40.0,2023-03-28,,Personal Reasons,46-55,561
723,Non-binary,Marketing,5,3,9.0,40.0,2021-06-22,,,46-55,1205
724,Non-binary,HR,5,1,8.0,35.0,2017-10-27,,,18-25,2539
725,Male,Sales,5,3,7.0,35.0,2023-01-30,,,46-55,618
726,Male,Engineering,5,1,5.0,52.0,2023-10-06,2024-04-17,,26-35,369
727,Non-binary,Engineering,5,5,5.0,42.0,2019-03-08,,Work-Life Balance,46-55,2042
728,Non-binary,IT,4,2,7.0,40.0,2013-07-18,2023-12-06,Retirement,46-55,4101
729,Male,Engineering,2,5,5.0,43.0,2010-05-02,,,36-45,5274
730,Male,IT,2,2,9.0,40.0,2020-05-10,,,18-25,1613
731,Male,HR,2,1,6.0,30.0,2016-05-10,,,26-35,3074
732,Non-binary,Operations,2,5,9.0,45.0,2018-11-22,2024-02-22,Personal Reasons,56-65,2148
733,Non-binary,Sales,1,1,9.0,40.0,2022-08-05,,,56-65,796
734,Male,Engineering,2,5,7.0,54.0,2012-04-23,2024-01-20,,36-45,4552
735,Female,HR,1,2,8.0,35.0,2017-12-18,,Career Growth,36-45,2487
736,Male,Finance,3,3,6.0,40.0,2018-08-28,,,18-25,2234
737,Male,Sales,2,4,6.0,45.0,2016-08-27,2024-03-06,Compensation,56-65,2965
738,Female,Operations,1,1,7.0,40.0,2011-01-18,,,18-25,5013
739,Non-binary,Sales,4,3,7.0,35.0,2014-08-23,,Work-Life Balance,56-65,3700
740,Non-binary,Sales,3,5,7.0,40.0,2014-06-09,,,56-65,3775
741,Female,Sales,3,4,4.0,45.0,2019-02-25,2024-02-09,Compensation,26-35,2053
742,Male,HR,2,4,6.0,50.0,2021-10-11,,,36-45,1094
743,Male,Engineering,4,3,5.0,57.0,2014-05-22,,Work-Life Balance,26-35,3793
744,Female,HR,1,4,1.0,40.0,2019-06-25,,Work-Life Balance,56-65,1933
745,Female,Sales,2,3,8.0,45.0,2013-10-21,2024-05-14,Compensation,18-25,4006
746,Non-binary,Sales,3,1,9.0,35.0,2023-01-01,2024-07-23,Compensation,18-25,647
747,Male,Finance,2,3,4.0,45.0,2021-02-27,2024-06-01,Career Growth,46-55,1320
748,Male,IT,1,1,6.0,30.0,2017-06-21,,Compensation,26-35,2667
749,Female,Operations,1,2,4.0,40.0,2016-02-20,,,46-55,3154
750,Non-binary,HR,2,2,10.0,40.0,2014-03-05,2023-11-02,Career Growth,46-55,3871
751,Female,Operations,1,3,9.0,40.0,2014-04-18,,,46-55,3827
752,Male,Sales,1,1,9.0,50.0,2023-05-09,2023-11-12,Compensation,56-65,519
753,Female,IT,2,2,7.0,35.0,2015-06-06,2024-06-13,,46-55,3413
754,Non-binary,HR,4,1,9.0,35.0,2016-12-22,,,46-55,2848
755,Female,Sales,2,1,6.0,45.0,2023-08-09,2024-01-20,Compensation,46-55,427
756,Male,Sales,4,4,9.0,40.0,2018-12-23,2024-06-29,Compensation,36-45,2117
757,Non-binary,Sales,5,1,6.0,45.0,2017-05-14,,,46-55,2705
758,Non-binary,Sales,4,4,5.0,40.0,2015-07-22,,,36-45,3367
759,Male,Engineering,1,3,2.0,49.0,2012-05-25,,,46-55,4520
760,Male,Finance,1,4,6.0,45.0,2014-11-01,,Retirement,56-65,3630
761,Male,Engineering,1,3,6.0,43.0,2020-05-11,,,36-45,1612
762,Non-binary,Finance,1,4,5.0,35.0,2018-07-11,,,56-65,2282
763,Male,Operations,4,1,5.0,40.0,2020-05-29,2024-06-05,Career Growth,56-65,1594
764,Non-binary,Sales,2,4,8.0,35.0,2012-08-14,2024-09-04,Compensation,56-65,4439
765,Male,Marketing,5,1,6.0,35.0,2017-06-17,,,36-45,2671
766,Non-binary,IT,5,4,10.0,40.0,2022-10-04,,,46-55,736
767,Non-binary,Operations,4,2,9.0,45.0,2015-11-27,2024-08-23,Work-Life Balance,36-45,3239
768,Non-binary,Marketing,1,3,7.0,35.0,2019-07-19,,,56-65,1909
769,Female,Sales,4,4,9.0,35.0,2011-06-21,,,56-65,4859
770,Non-binary,HR,4,1,6.0,35.0,2023-05-24,,,18-25,504
771,Female,Finance,3,5,3.0,35.0,2018-04-18,,,56-65,2366
772,Non-binary,Finance,3,2,5.0,45.0,2013-02-13,,,56-65,4256
773,Male,Engineering,2,4,6.0,46.0,2011-12-27,,Work-Life Balance,36-45,4670
774,Male,Engineering,1,4,5.0,55.0,2017-06-25,,,46-55,2663
775,Non-binary,Engineering,3,3,3.0,50.0,2017-07-02,,,18-25,2656
776,Non-binary,Sales,3,5,6.0,45.0,2011-01-28,,,56-65,5003
777,Non-binary,Engineering,1,2,3.0,49.0,2023-08-30,,,18-25,406
778,Male,Finance,3,5,10.0,30.0,2022-07-20,,,18-25,812
779,Male,Operations,3,3,6.0,50.0,2016-03-25,,,26-35,3120
780,Male,Engineering,1,4,2.0,51.0,2011-06-01,,,18-25,4879
781,Female,Engineering,3,2,5.0,49.0,2021-06-02,,Work-Life Balance,56-65,1225
782,Male,HR,2,2,6.0,40.0,2016-09-30,2024-02-08,Career Growth,46-55,2931
783,Female,Sales,1,4,4.0,35.0,2019-10-20,,,18-25,1816
784,Male,Sales,1,2,7.0,35.0,2016-11-22,2024-05-09,Compensation,56-65,2878
785,Male,Finance,4,3,7.0,40.0,2013-08-07,,,56-65,4081
786,Female,Engineering,3,3,2.0,57.0,2021-06-15,2023-11-29,,18-25,1212
787,Male,Sales,3,2,6.0,30.0,2023-06-29,,Career Growth,18-25,468
788,Male,Operations,1,3,10.0,40.0,2013-03-08,2024-02-14,Career Growth,18-25,4233
789,Non-binary,IT,3,5,4.0,35.0,2017-06-27,,Work-Life Balance,18-25,2661
790,Non-binary,Engineering,5,4,2.0,46.0,2015-02-21,,,36-45,3518
791,Male,Engineering,3,2,6.0,45.0,2022-09-04,2024-09-27,,56-65,766
792,Male,Operations,4,1,5.0,30.0,2016-11-19,,Compensation,36-45,2881
793,Male,Engineering,1,1,6.0,43.0,2022-01-29,,,46-55,984
794,Non-binary,Engineering,2,3,4.0,47.0,2021-11-12,2024-06-20,,56-65,1062
795,Non-binary,Marketing,5,3,8.0,35.0,2013-08-21,,,26-35,4067
796,Female,Operations,5,5,5.0,40.0,2020-10-30,,,46-55,1440
797,Female,Marketing,1,4,7.0,40.0,2015-07-31,,,36-45,3358
798,Non-binary,Operations,1,5,10.0,45.0,2022-11-06,,,56-65,703
799,Non-binary,Finance,1,1,8.0,40.0,2016-11-17,2024-02-29,Career Growth,46-55,2883
800,Male,Engineering,3,1,4.0,44.0,2021-04-04,,,36-45,1284
801,Non-binary,HR,3,2,8.0,35.0,2013-09-24,,,18-25,4033
802,Male,Finance,4,2,8.0,40.0,2013-12-13,2024-05-13,Career Growth,36-45,3953
803,Non-binary,HR,5,1,7.0,30.0,2017-12-27,,,56-65,2478
804,Male,Marketing,2,5,7.0,40.0,2023-10-03,,Career Growth,36-45,372
805,Male,Sales,1,5,7.0,35.0,2016-08-16,,,36-45,2976
806,Female,Marketing,2,4,8.0,35.0,2011-11-07,,,36-45,4720
807,Female,Operations,2,1,6.0,35.0,2017-04-23,2024-09-16,,56-65,2726
808,Female,IT,4,1,7.0,40.0,2014-08-08,2024-01-30,,36-45,3715
809,Male,IT,4,5,6.0,30.0,2017-06-30,,,26-35,2658
810,Female,Sales,1,2,7.0,35.0,2017-05-18,2024-02-23,Compensation,36-45,2701
811,Female,Engineering,5,5,1.0,51.0,2016-02-23,,,36-45,3151
812,Non-binary,HR,2,2,10.0,30.0,2014-04-11,,,56-65,3834
813,Non-binary,Sales,2,5,5.0,40.0,2012-05-30,,Work-Life Balance,26-35,4515
814,Male,Engineering,1,3,6.0,50.0,2019-07-15,2024-07-24,,56-65,1913
815,Male,Marketing,3,5,5.0,30.0,2017-10-10,2024-08-01,,46-55,2556
816,Male,Sales,5,1,8.0,30.0,2013-01-15,,,56-65,4285
817,Male,Sales,5,1,6.0,30.0,2020-08-17,,,26-35,1514
818,Non-binary,Engineering,1,2,3.0,44.0,2010-05-20,,,46-55,5256
819,Non-binary,Sales,3,4,8.0,40.0,2020-03-12,,,56-65,1672
820,Non-binary,Engineering,5,4,5.0,52.0,2019-08-23,,Work-Life Balance,46-55,1874
821,Female,Operations,5,2,6.0,40.0,2021-02-16,,,46-55,1331
822,Male,Engineering,3,4,1.0,57.0,2015-03-06,2024-06-10,,26-35,3505
823,Female,Finance,5,2,10.0,35.0,2019-01-23,,,36-45,2086
824,Non-binary,Engineering,2,5,6.0,51.0,2021-04-05,,,26-35,1283
825,Female,Engineering,2,5,3.0,37.0,2023-07-02,,Work-Life Balance,46-55,465
826,Female,Finance,5,2,9.0,40.0,2016-09-14,,,46-55,2947
827,Non-binary,Sales,5,3,5.0,40.0,2010-04-16,,,46-55,5290
828,Non-binary,Engineering,5,1,2.0,59.0,2016-10-20,,,36-45,2911
829,Female,Sales,1,2,7.0,45.0,2018-01-12,,,36-45,2462
830,Non-binary,HR,2,1,9.0,35.0,2021-12-11,2024-08-07,Career Growth,46-55,1033
831,Non-binary,Marketing,1,2,2.0,35.0,2022-01-03,2024-07-05,,46-55,1010
832,Male,IT,1,1,4.0,40.0,2015-12-08,,,26-35,3228
833,Male,Sales,1,2,9.0,50.0,2017-02-18,,,56-65,2790
834,Male,Engineering,1,3,4.0,53.0,2016-03-02,2024-06-15,,18-25,3143
835,Male,Marketing,4,3,10.0,40.0,2019-11-19,,Retirement,18-25,1786
836,Female,Engineering,4,5,4.0,59.0,2015-07-06,,,56-65,3383
837,Male,Engineering,5,5,6.0,55.0,2018-12-08,,Work-Life Balance,56-65,2132
838,Female,HR,2,3,10.0,40.0,2011-12-07,,,26-35,4690
839,Male,Marketing,2,5,9.0,40.0,2016-05-05,,,36-45,3079
840,Female,IT,1,3,6.0,35.0,2023-05-04,,,18-25,524
841,Male,Operations,5,1,4.0,40.0,2014-07-06,2024-04-18,,46-55,3748
842,Male,Operations,3,1,2.0,35.0,2019-06-20,,Career Growth,18-25,1938
843,Female,Sales,1,2,6.0,35.0,2018-11-13,2024-06-01,Compensation,36-45,2157
844,Female,Engineering,3,1,4.0,56.0,2021-09-11,,,36-45,1124
845,Male,IT,3,3,10.0,45.0,2021-09-14,,Personal Reasons,46-55,1121
846,Non-binary,Engineering,3,1,7.0,51.0,2021-10-19,2024-03-11,,26-35,1086
847,Non-binary,Sales,4,1,5.0,45.0,2015-02-02,,,26-35,3537
848,Non-binary,IT,2,1,3.0,35.0,2014-03-16,2024-02-18,,56-65,3860
849,Non-binary,Engineering,5,1,5.0,48.0,2019-10-31,,,46-55,1805
850,Non-binary,Sales,4,5,5.0,35.0,2020-05-26,2024-02-18,Compensation,46-55,1597
851,Female,Engineering,5,3,6.0,51.0,2021-12-25,,Work-Life Balance,56-65,1019
852,Female,Sales,1,5,7.0,40.0,2010-04-10,,,26-35,5296
853,Non-binary,Finance,3,3,6.0,40.0,2010-09-23,,,56-65,5130
854,Female,Finance,4,1,6.0,30.0,2018-08-10,,,56-65,2252
855,Non-binary,Sales,1,1,8.0,30.0,2022-08-30,,Career Growth,56-65,771
856,Male,Engineering,1,2,4.0,46.0,2023-09-25,2023-12-13,,46-55,380
857,Male,HR,2,2,8.0,35.0,2020-03-23,2023-12-26,Career Growth,18-25,1661
858,Female,Finance,3,3,10.0,35.0,2015-11-05,,Compensation,46-55,3261
859,Male,HR,3,5,7.0,40.0,2011-02-24,,,36-45,4976
860,Male,Engineering,1,2,6.0,52.0,2018-08-23,,,56-65,2239
861,Female,Finance,5,4,5.0,40.0,2021-12-26,2024-09-19,Career Growth,26-35,1018
862,Female,Operations,3,4,6.0,35.0,2015-12-25,,,56-65,3211
863,Male,Operations,4,4,8.0,35.0,2019-06-27,,,36-45,1931
864,Non-binary,Sales,4,2,3.0,35.0,2022-06-02,2024-04-03,Compensation,56-65,860
865,Non-binary,IT,3,4,8.0,35.0,2010-06-01,,Retirement,56-65,5244
866,Male,Engineering,4,5,3.0,36.0,2020-11-30,,,26-35,1409
867,Male,Engineering,4,4,5.0,50.0,2013-11-16,2023-12-30,,56-65,3980
868,Non-binary,Sales,1,1,5.0,45.0,2015-01-07,2023-11-28,Compensation,36-45,3563
869,Non-binary,Engineering,4,1,4.0,56.0,2011-10-23,,Work-Life Balance,18-25,4735
870,Female,Engineering,1,5,7.0,50.0,2017-03-16,,,56-65,2764
871,Male,Operations,1,2,6.0,50.0,2017-09-10,,Retirement,26-35,2586
872,Male,Sales,1,5,5.0,40.0,2020-11-12,,,18-25,1427
873,Female,HR,5,1,7.0,50.0,2012-02-25,2023-11-06,Career Growth,46-55,4610
874,Male,Engineering,1,1,7.0,58.0,2010-11-16,2024-08-13,,56-65,5076
875,Male,Finance,2,3,4.0,35.0,2021-12-17,,,26-35,1027
876,Non-binary,Finance,5,5,8.0,40.0,2018-06-12,,,26-35,2311
877,Female,Engineering,1,2,5.0,48.0,2013-02-21,2023-11-15,,56-65,4248
878,Female,Engineering,2,3,3.0,55.0,2022-07-20,2024-07-17,Work-Life Balance,36-45,812
879,Male,HR,2,3,3.0,30.0,2011-10-10,,,46-55,4748
880,Non-binary,Operations,2,2,7.0,30.0,2016-03-23,,,26-35,3122
881,Non-binary,Finance,5,2,3.0,45.0,2013-04-29,,,26-35,4181
882,Female,Sales,2,2,10.0,45.0,2013-05-06,,Personal Reasons,26-35,4174
883,Non-binary,Sales,3,4,10.0,35.0,2009-11-26,,,56-65,5431
884,Female,Marketing,5,4,5.0,45.0,2021-01-13,2024-08-09,,36-45,1365
885,Female,Engineering,3,4,5.0,45.0,2022-05-21,,,36-45,872
886,Non-binary,Engineering,1,4,2.0,54.0,2019-04-04,,,26-35,2015
887,Female,Marketing,2,5,6.0,30.0,2011-12-25,,,56-65,4672
888,Female,IT,3,2,3.0,35.0,2015-12-15,,,36-45,3221
889,Non-binary,HR,2,2,6.0,40.0,2014-08-10,2024-08-27,Career Growth,56-65,3713
890,Male,Sales,2,5,6.0,35.0,2017-12-30,,,18-25,2475
891,Male,Sales,2,5,7.0,50.0,2018-09-18,,Career Growth,56-65,2213
892,Female,Marketing,5,5,7.0,40.0,2015-09-17,,Retirement,46-55,3310
893,Male,IT,3,1,5.0,45.0,2013-04-09,2023-10-22,,26-35,4201
894,Male,Engineering,3,1,7.0,51.0,2021-08-09,2024-02-09,Work-Life Balance,46-55,1157
895,Male,Engineering,5,3,4.0,48.0,2012-07-23,2024-07-15,,36-45,4461
896,Male,Finance,3,3,5.0,35.0,2015-02-26,,,56-65,3513
897,Non-binary,Finance,5,5,8.0,45.0,2016-07-14,,,18-25,3009
898,Non-binary,Marketing,2,4,7.0,40.0,2013-02-02,,Work-Life Balance,36-45,4267
899,Non-binary,Engineering,2,5,4.0,37.0,2017-10-11,,,46-55,2555
900,Female,Finance,5,3,8.0,30.0,2017-10-26,2023-11-25,Career Growth,26-35,2540
901,Male,Engineering,1,1,3.0,48.0,2023-09-01,,,46-55,404
902,Female,Marketing,2,5,7.0,40.0,2013-11-26,,,56-65,3970
903,Non-binary,Engineering,1,4,3.0,51.0,2023-06-18,,Work-Life Balance,56-65,479
904,Male,Sales,2,3,10.0,40.0,2018-12-26,,,26-35,2114
905,Female,IT,5,2,6.0,45.0,2013-08-12,,,46-55,4076
906,Male,Sales,5,3,8.0,35.0,2017-09-10,,Career Growth,56-65,2586
907,Non-binary,Engineering,5,3,6.0,54.0,2019-05-16,,,26-35,1973
908,Non-binary,Operations,1,3,6.0,30.0,2020-03-12,,,46-55,1672
909,Female,Finance,5,2,4.0,50.0,2010-06-16,,,18-25,5229
910,Male,Finance,5,4,5.0,40.0,2018-04-05,,,26-35,2379
911,Female,HR,5,2,5.0,45.0,2016-09-21,,,18-25,2940
912,Non-binary,Engineering,3,2,4.0,57.0,2022-06-05,,Work-Life Balance,18-25,857
913,Non-binary,Operations,4,3,9.0,40.0,2013-10-11,,,18-25,4016
914,Non-binary,IT,5,5,6.0,40.0,2020-12-14,,,46-55,1395
915,Non-binary,Marketing,3,4,7.0,35.0,2018-04-08,,Personal Reasons,36-45,2376
916,Male,Sales,3,3,6.0,30.0,2014-09-14,,,56-65,3678
917,Non-binary,Sales,5,3,5.0,40.0,2018-09-07,,,26-35,2224
918,Male,IT,5,1,8.0,35.0,2018-06-18,,,56-65,2305
919,Male,HR,1,4,8.0,30.0,2019-04-05,,,56-65,2014
920,Male,HR,3,1,3.0,40.0,2019-11-12,,Work-Life Balance,56-65,1793
921,Male,Engineering,2,2,5.0,60.0,2018-12-31,,,26-35,2109
922,Male,IT,2,4,5.0,45.0,2021-07-04,,,26-35,1193
923,Non-binary,HR,2,5,6.0,35.0,2018-07-26,2024-02-23,Career Growth,56-65,2267
924,Male,IT,2,3,5.0,35.0,2022-06-02,,Work-Life Balance,46-55,860
925,Non-binary,Finance,2,2,6.0,45.0,2018-10-26,2023-12-07,Career Growth,56-65,2175
926,Female,Marketing,4,1,6.0,40.0,2014-02-04,,,36-45,3900
927,Male,Finance,1,5,6.0,30.0,2015-12-10,,Career Growth,26-35,3226
928,Non-binary,Sales,4,1,9.0,40.0,2017-11-19,,,26-35,2516
929,Male,Finance,5,5,8.0,45.0,2020-01-09,2024-08-08,Career Growth,36-45,1735
930,Male,HR,1,3,5.0,35.0,2011-01-12,,,36-45,5019
931,Female,Engineering,1,1,3.0,56.0,2013-11-25,,,36-45,3971
932,Female,IT,2,1,7.0,35.0,2020-03-26,,Retirement,56-65,1658
933,Non-binary,Finance,2,1,7.0,35.0,2012-03-25,,,46-55,4581
934,Non-binary,Operations,3,1,5.0,45.0,2011-08-15,,Personal Reasons,18-25,4804
935,Female,Engineering,3,4,6.0,47.0,2017-04-27,2024-07-17,,56-65,2722
936,Male,Sales,4,1,10.0,45.0,2023-05-16,,,26-35,512
937,Female,IT,3,2,5.0,40.0,2017-03-15,,,18-25,2765
938,Female,Sales,5,4,10.0,50.0,2022-07-23,,,36-45,809
939,Non-binary,Engineering,3,1,6.0,48.0,2021-05-25,2024-07-31,,18-25,1233
940,Non-binary,Sales,1,1,10.0,35.0,2013-05-14,,,26-35,4166
941,Male,Engineering,3,5,4.0,53.0,2021-04-25,,,18-25,1263
942,Female,Engineering,2,5,6.0,52.0,2016-07-07,,,46-55,3016
943,Non-binary,Marketing,3,4,6.0,30.0,2021-01-22,,,36-45,1356
944,Non-binary,Marketing,3,2,9.0,40.0,2020-03-22,,Career Growth,36-45,1662
945,Male,Marketing,2,5,5.0,40.0,2014-07-06,,,46-55,3748
946,Female,Sales,3,4,8.0,40.0,2011-05-20,,,36-45,4891
947,Non-binary,Engineering,2,4,4.0,58.0,2023-04-02,,,46-55,556
948,Male,Engineering,3,4,6.0,62.0,2011-09-28,,,36-45,4760
949,Male,Engineering,1,4,2.0,61.0,2023-04-20,,Work-Life Balance,26-35,538
950,Non-binary,Engineering,2,5,5.0,57.0,2021-10-23,2023-12-08,,36-45,1082
951,Male,Finance,2,1,8.0,35.0,2019-11-28,,Career Growth,18-25,1777
952,Female,HR,2,5,6.0,35.0,2023-06-28,,Work-Life Balance,26-35,469
953,Non-binary,Finance,4,5,5.0,40.0,2023-04-24,,Personal Reasons,26-35,534
954,Female,Engineering,1,2,4.0,52.0,2021-01-12,,,18-25,1366
955,Female,Engineering,5,5,5.0,56.0,2014-11-22,,,36-45,3609
956,Non-binary,Engineering,4,4,5.0,58.0,2020-11-02,,,36-45,1437
957,Female,HR,2,5,6.0,40.0,2009-12-19,,Compensation,18-25,5408
958,Male,Finance,2,1,10.0,40.0,2017-04-13,2024-03-17,Career Growth,26-35,2736
959,Female,Marketing,2,4,4.0,30.0,2016-02-20,,,46-55,3154
960,Non-binary,Engineering,1,1,5.0,49.0,2019-03-11,,,26-35,2039
961,Non-binary,HR,3,1,8.0,40.0,2019-03-08,,,56-65,2042
962,Non-binary,Engineering,4,5,5.0,47.0,2017-12-14,,,36-45,2491
963,Non-binary,Finance,4,5,7.0,40.0,2021-04-14,,Work-Life Balance,36-45,1274
964,Non-binary,HR,3,2,6.0,45.0,2022-12-07,2024-03-07,Career Growth,56-65,672
965,Female,Engineering,2,4,4.0,46.0,2011-04-15,2024-06-12,,46-55,4926
966,Female,Engineering,3,1,5.0,45.0,2013-01-16,,,18-25,4284
967,Female,Operations,1,1,10.0,40.0,2010-02-13,,,46-55,5352
968,Non-binary,Sales,2,3,3.0,40.0,2022-02-24,2024-01-03,Compensation,56-65,958
969,Non-binary,Engineering,2,5,6.0,43.0,2017-08-18,2024-03-19,,46-55,2609
970,Female,Engineering,3,3,2.0,51.0,2022-08-01,2024-01-21,,36-45,800
971,Female,Engineering,5,1,3.0,45.0,2012-11-13,,Work-Life Balance,18-25,4348
972,Male,Engineering,4,2,3.0,46.0,2010-08-28,,,26-35,5156
973,Non-binary,Marketing,2,1,8.0,35.0,2021-04-21,,,56-65,1267
974,Female,Engineering,3,4,3.0,53.0,2022-07-02,2024-07-08,,56-65,830
975,Male,Engineering,2,4,4.0,50.0,2014-01-01,2024-03-21,Work-Life Balance,46-55,3934
976,Male,Sales,1,5,10.0,40.0,2015-06-27,2024-04-21,Compensation,56-65,3392
977,Non-binary,Sales,4,3,7.0,35.0,2011-09-23,2024-01-30,Compensation,46-55,4765
978,Non-binary,Operations,2,1,3.0,35.0,2023-01-07,,,18-25,641
979,Non-binary,Sales,3,1,5.0,40.0,2014-01-12,,,18-25,3923
980,Female,IT,5,3,6.0,40.0,2016-08-31,2024-07-30,,46-55,2961
981,Female,Engineering,4,1,6.0,52.0,2011-02-17,,,26-35,4983
982,Male,HR,2,4,9.0,30.0,2022-03-11,,,36-45,943
983,Female,Sales,1,3,4.0,35.0,2011-09-02,,,26-35,4786
984,Male,Sales,1,3,10.0,35.0,2016-02-14,2024-03-28,Compensation,46-55,3160
985,Female,IT,2,1,10.0,40.0,2019-02-27,,,46-55,2051
986,Female,Engineering,5,5,7.0,56.0,2020-03-04,,,56-65,1680
987,Non-binary,Engineering,2,1,5.0,54.0,2023-01-05,,,26-35,643
988,Non-binary,HR,3,2,6.0,35.0,2015-08-21,,,36-45,3337
989,Male,Operations,5,5,8.0,45.0,2020-02-29,2024-08-09,,36-45,1684
990,Female,IT,2,2,9.0,40.0,2011-12-08,,,46-55,4689
991,Female,Operations,4,1,7.0,40.0,2015-07-31,2024-02-20,Retirement,18-25,3358
992,Male,Finance,1,2,7.0,30.0,2011-02-27,,,56-65,4973
993,Non-binary,Engineering,2,2,4.0,57.0,2016-08-15,2024-09-19,,56-65,2977
994,Female,Sales,1,5,7.0,35.0,2015-06-26,,Compensation,56-65,3393
995,Male,IT,5,5,7.0,40.0,2023-02-03,,,36-45,614
996,Male,Sales,5,4,5.0,35.0,2010-03-25,2024-10-03,Compensation,36-45,5312
997,Female,Engineering,3,5,6.0,50.0,2014-12-16,,Work-Life Balance,46-55,3585
998,Male,Marketing,3,1,6.0,45.0,2015-12-24,,Compensation,18-25,3212
999,Non-binary,Sales,1,5,5.0,40.0,2023-01-29,2024-03-25,Compensation,46-55,619
1000,Non-binary,Sales,2,3,4.0,40.0,2021-09-29,2024-01-20,Compensation,26-35,1106
1001,Male,Operations,4,4,7.0,35.0,2011-03-01,,,36-45,4971
1002,Non-binary,Engineering,2,4,1.0,58.0,2019-05-15,2024-02-25,Work-Life Balance,26-35,1974
1003,Non-binary,Marketing,3,2,6.0,40.0,2017-05-23,,,46-55,2696
1004,Male,Operations,4,4,9.0,35.0,2023-06-17,,,56-65,480
1005,Female,Engineering,4,3,3.0,51.0,2014-10-16,,,56-65,3646
1006,Non-binary,HR,3,3,5.0,35.0,2015-05-06,2024-04-19,Career Growth,36-45,3444
1007,Non-binary,IT,5,3,7.0,45.0,2012-06-05,,,36-45,4509
1008,Female,Engineering,4,1,1.0,50.0,2011-06-25,,Work-Life Balance,26-35,4855
1009,Female,Engineering,3,1,3.0,57.0,2021-08-22,,,26-35,1144
1010,Male,HR,4,4,9.0,45.0,2016-02-19,,,46-55,3155
1011,Non-binary,Engineering,3,1,3.0,45.0,2019-01-18,,,36-45,2091
1012,Male,Engineering,1,3,7.0,60.0,2018-10-03,2024-09-26,Work-Life Balance,36-45,2198
1013,Non-binary,Sales,1,2,9.0,40.0,2018-02-17,,,36-45,2426
1014,Female,Finance,2,1,8.0,35.0,2010-01-26,,,56-65,5370
1015,Female,HR,3,1,6.0,40.0,2020-10-13,,,36-45,1457
1016,Non-binary,Engineering,4,3,1.0,48.0,2013-03-07,,,18-25,4234
1017,Male,Engineering,1,3,4.0,43.0,2011-07-14,,,18-25,4836
1018,Female,Engineering,5,2,5.0,53.0,2017-09-03,,,36-45,2593
1019,Male,Marketing,5,3,9.0,35.0,2010-09-24,2024-08-02,Retirement,56-65,5129
1020,Non-binary,Marketing,2,2,7.0,40.0,2020-06-25,,,26-35,1567
1021,Non-binary,Engineering,3,4,5.0,48.0,2012-09-02,2024-07-28,,56-65,4420
1022,Non-binary,Marketing,1,3,6.0,40.0,2012-10-17,,,26-35,4375
1023,Female,HR,3,5,6.0,35.0,2021-12-11,,,36-45,1033
1024,Male,Engineering,5,5,7.0,60.0,2014-05-15,2023-11-28,,46-55,3800
1025,Male,Sales,4,3,8.0,35.0,2011-11-02,,,18-25,4725
1026,Non-binary,Sales,2,1,10.0,45.0,2022-05-18,,,18-25,875
1027,Non-binary,Engineering,4,5,5.0,47.0,2009-10-23,,Work-Life Balance,18-25,5465
1028,Non-binary,Operations,3,3,10.0,35.0,2021-10-15,,Work-Life Balance,18-25,1090
1029,Male,Marketing,2,1,3.0,35.0,2011-10-18,2024-01-08,,18-25,4740
1030,Male,Engineering,5,3,5.0,51.0,2011-08-04,,,18-25,4815
1031,Male,HR,1,1,10.0,30.0,2013-04-12,,,18-25,4198
1032,Non-binary,Engineering,2,2,2.0,42.0,2012-03-19,,,26-35,4587
1033,Female,Finance,4,3,6.0,35.0,2019-01-09,2024-05-30,Career Growth,18-25,2100
1034,Non-binary,Sales,2,5,9.0,30.0,2010-02-17,,,36-45,5348
1035,Male,Operations,4,1,8.0,30.0,2009-12-23,,Career Growth,26-35,5404
1036,Female,Sales,1,2,3.0,30.0,2020-10-30,,,46-55,1440
1037,Female,Operations,5,5,5.0,35.0,2013-02-06,2024-08-23,Personal Reasons,18-25,4263
1038,Male,Engineering,4,2,3.0,54.0,2014-04-21,2024-04-28,,18-25,3824
1039,Non-binary,IT,5,4,4.0,40.0,2012-03-17,2023-11-15,,26-35,4589
1040,Non-binary,Engineering,1,3,2.0,46.0,2010-07-03,,Work-Life Balance,36-45,5212
1041,Non-binary,Engineering,3,2,5.0,53.0,2020-02-26,,,46-55,1687
1042,Non-binary,Engineering,4,3,5.0,47.0,2017-02-18,,,26-35,2790
1043,Female,Operations,5,5,6.0,45.0,2020-03-17,,,26-35,1667
1044,Male,HR,1,3,7.0,40.0,2016-06-09,,Career Growth,56-65,3044
1045,Non-binary,Sales,3,4,6.0,40.0,2020-08-30,,,46-55,1501
1046,Male,IT,4,2,8.0,45.0,2016-12-15,,,46-55,2855
1047,Male,Engineering,4,1,5.0,39.0,2011-04-19,,,36-45,4922
1048,Female,Engineering,3,1,3.0,50.0,2016-10-28,,,46-55,2903
1049,Non-binary,Engineering,4,1,3.0,50.0,2023-01-02,,Work-Life Balance,18-25,646
1050,Female,Engineering,5,3,5.0,54.0,2010-05-18,,,18-25,5258
1051,Female,Engineering,3,1,3.0,57.0,2020-09-25,,,36-45,1475
1052,Female,Engineering,1,1,3.0,59.0,2021-11-27,2024-08-13,Work-Life Balance,26-35,1047
1053,Male,Engineering,5,3,4.0,54.0,2017-01-26,,Work-Life Balance,18-25,2813
1054,Non-binary,HR,3,3,7.0,50.0,2016-03-07,,,46-55,3138
1055,Non-binary,Sales,4,3,6.0,40.0,2023-04-08,,,18-25,550
1056,Female,IT,5,3,6.0,35.0,2010-08-16,,,46-55,5168
1057,Male,Engineering,4,5,4.0,51.0,2016-06-23,2024-08-15,,18-25,3030
1058,Male,Engineering,1,4,3.0,42.0,2015-05-24,,,46-55,3426
1059,Non-binary,Operations,5,2,8.0,40.0,2019-05-18,,Work-Life Balance,46-55,1971
1060,Male,Sales,1,3,9.0,30.0,2016-08-19,2024-01-21,Compensation,56-65,2973
1061,Male,HR,1,4,4.0,45.0,2022-07-04,2024-07-14,Career Growth,46-55,828
1062,Female,Engineering,1,4,3.0,51.0,2010-10-19,,Work-Life Balance,18-25,5104
1063,Non-binary,Finance,2,5,9.0,45.0,2010-11-26,,Retirement,18-25,5066
1064,Male,Operations,1,1,6.0,40.0,2018-04-15,2024-01-16,Work-Life Balance,18-25,2369
1065,Male,Engineering,5,5,5.0,51.0,2010-09-09,2024-09-04,,46-55,5144
1066,Non-binary,Engineering,3,3,7.0,49.0,2013-08-15,2023-12-01,Work-Life Balance,56-65,4073
1067,Male,HR,2,2,10.0,40.0,2018-08-19,,,56-65,2243
1068,Non-binary,Sales,1,1,3.0,40.0,2017-06-12,,,46-55,2676
1069,Female,Sales,4,2,4.0,35.0,2014-04-28,2024-03-17,Compensation,18-25,3817
1070,Male,Engineering,2,3,4.0,53.0,2023-09-11,2024-09-19,,46-55,394
1071,Male,Finance,3,5,1.0,40.0,2017-03-13,,,26-35,2767
1072,Female,Finance,3,5,7.0,40.0,2016-02-14,2023-12-29,Career Growth,36-45,3160
1073,Non-binary,HR,2,3,6.0,40.0,2018-03-31,2024-03-22,Career Growth,26-35,2384
1074,Non-binary,Operations,2,3,5.0,30.0,2011-02-28,2024-02-13,,46-55,4972
1075,Female,HR,5,1,6.0,45.0,2019-08-06,,,26-35,1891
1076,Male,Engineering,5,1,5.0,55.0,2021-09-16,2023-10-18,Work-Life Balance,26-35,1119
1077,Female,HR,5,1,10.0,35.0,2018-11-19,2023-10-28,Career Growth,26-35,2151
1078,Non-binary,Finance,2,5,10.0,40.0,2020-07-14,2024-04-09,Career Growth,26-35,1548
1079,Male,IT,5,5,5.0,45.0,2019-11-11,,,36-45,1794
1080,Female,Sales,3,4,7.0,45.0,2012-10-12,,,36-45,4380
1081,Male,Engineering,1,4,5.0,45.0,2016-02-03,,,56-65,3171
1082,Female,Operations,2,2,9.0,40.0,2012-12-20,2024-01-03,,56-65,4311
1083,Non-binary,Marketing,4,1,9.0,30.0,2014-07-07,,,26-35,3747
1084,Non-binary,IT,4,1,6.0,35.0,2016-02-13,,,36-45,3161
1085,Non-binary,Engineering,2,2,5.0,45.0,2015-08-05,,,36-45,3353
1086,Female,Sales,3,3,6.0,45.0,2011-02-07,,,56-65,4993
1087,Non-binary,IT,5,2,3.0,40.0,2015-09-30,,,56-65,3297
1088,Non-binary,Finance,2,4,10.0,40.0,2019-01-30,2024-10-06,Career Growth,46-55,2079
1089,Non-binary,Operations,5,1,5.0,40.0,2015-01-04,,,36-45,3566
1090,Non-binary,Engineering,4,1,3.0,49.0,2011-11-28,2024-02-23,,36-45,4699
1091,Male,HR,4,3,6.0,35.0,2022-09-10,,,26-35,760
1092,Female,Operations,2,2,8.0,30.0,2010-09-17,2023-10-19,,18-25,5136
1093,Female,Sales,1,1,5.0,45.0,2021-05-31,2024-09-13,Compensation,26-35,1227
1094,Female,Sales,3,4,3.0,40.0,2011-01-28,,,56-65,5003
1095,Female,Sales,4,1,5.0,40.0,2011-02-14,,Compensation,18-25,4986
1096,Female,Operations,3,5,7.0,35.0,2020-02-11,,,56-65,1702
1097,Male,Marketing,2,3,10.0,35.0,2021-02-18,,,46-55,1329
1098,Female,Finance,2,3,4.0,40.0,2017-07-23,,,18-25,2635
1099,Non-binary,Finance,5,1,4.0,40.0,2017-12-24,,,56-65,2481
1100,Non-binary,Operations,1,1,3.0,40.0,2017-08-19,,,56-65,2608
1101,Non-binary,Sales,5,3,3.0,45.0,2014-05-21,,,18-25,3794
1102,Male,Sales,5,4,9.0,30.0,2011-06-25,,,18-25,4855
